indicativo,nombre,altitud,provincia,num_records,avg_tmin,avg_tmax,avg_prec,avg_velmedia,std_tmed,longest_gap_days
0009X,ALFORJA,406,TARRAGONA,3946,10.191410884704668,21.297033789012126,1.5026017516743948,3.106683608640407,6.195665436762451,19
0016A,REUS AEROPUERTO,71,TARRAGONA,4018,11.5548933984074,22.710323574730353,1.240719794344473,3.449813200498132,6.3255526310155,122
0034X,VALLS,233,TARRAGONA,4018,10.70931506849315,22.59840597758406,1.166752114842348,,6.388362684256128,1
0042Y,TARRAGONA,55,TARRAGONA,4001,13.231321982974462,22.422759138708063,1.2663231967831114,1.716103896103896,5.690693546486522,10
0061X,PONTONS,632,BARCELONA,3869,8.285391800726519,19.659496626881165,1.5478283485045512,3.4288166449934985,6.13332979375768,48
0066X,VILAFRANCA DEL PENEDÈS,177,BARCELONA,4014,10.577741693729703,22.473170122408195,1.2191017036654619,1.6240648379052367,6.411871755186369,4
0073X,SITGES,58,BARCELONA,3771,12.66771142934342,21.165036476627936,1.2437112846754645,1.699596882558452,5.751973132151185,185
0092X,BERGA,682,BARCELONA,3971,8.535995955510618,19.63455510616785,2.243005312420946,2.1763787459078316,7.063005052075245,12
0106X,BALSARENY,361,BARCELONA,3986,7.252206809583859,21.87899117276167,1.3799346240885089,2.2942433383609853,7.365451181862184,10
0114X,PRATS DE LLUÇANÈS,700,BARCELONA,4017,7.083216957605985,19.946982543640896,1.7667091836734694,1.559038844621514,7.230994315130605,1
0120X,MOIÀ,742,BARCELONA,4012,9.075956010997249,18.821869532616848,1.6785875281743052,1.9338818249813012,6.695565067703857,6
0149X,MANRESA,291,BARCELONA,3972,9.153242147922999,22.171757852077004,1.2373172608361116,2.0497005988023953,7.274250115599421,8
0158X,MONISTROL DE MONTSERRAT,738,BARCELONA,4014,10.545148416063856,17.592117735096036,1.5766383191595796,,6.629697751580116,2
0171X,IGUALADA,313,BARCELONA,3640,9.91580547112462,22.084589665653496,1.3577758961332205,1.3433257273245864,6.853608678338678,403
0194D,"CORBERA, PUIG D'AGULLES",647,BARCELONA,3932,10.358442251267006,20.252387303280873,1.312765385649019,,7.0533159795497955,166
0201X,"BARCELONA, DRASSANES",11,BARCELONA,3820,14.880634005763689,21.38587666950838,1.3380965292841647,1.4,5.6092181663799465,287
0222X,CALDES DE MONTBUI,175,BARCELONA,4018,9.610734888387258,22.42703787308753,1.4114242576748868,2.223966118584953,6.632753299071376,7
0244X,VILASSAR DE DALT,56,BARCELONA,3952,14.012072119153384,22.21891821269924,1.3349177330895796,2.111246509266311,5.742039620312063,33
0260X,FOGARS DE MONTCLÚS,936,BARCELONA,3957,9.16653953724892,17.873201118738873,2.2962867457452294,,6.413902460625026,23
0281Y,BLANES,45,GIRONA,4018,13.923253493013972,21.78173652694611,1.3927200199451508,2.7169280557630073,5.901086049398741,1
0284X,CASTELL D'ARO,14,GIRONA,4012,10.868069815195073,21.000795687885013,1.4153116183636831,2.1233108950386432,5.9081901705786475,98
0312X,SANT PAU DE SEGÚRIES,851,GIRONA,4006,5.165849962111644,18.07971710027785,2.5454928835002635,1.4618809404702353,6.348131807855969,10
0320I,PLANOLES,1151,GIRONA,3993,5.783982901684687,17.816167965803366,2.400946049603682,1.9204659318637272,6.155076949761321,11
0360X,LES PLANES D'HOSTOLES,337,GIRONA,3983,6.736148222838417,21.549130325182755,2.1433794724471142,0.7152663662867744,6.58394599799113,22
0363X,SANT HILARI,810,GIRONA,4003,7.011682125846076,18.41328653797944,2.270551220739995,1.7852963240810205,6.313005893192614,9
0370E,GIRONA,76,GIRONA,4011,10.919422110552764,23.31786432160804,1.8418336673346694,1.3633641128025955,6.7229298786360605,5
0385X,L'ESTARTIT,1,GIRONA,3947,13.039175782243705,20.398346476723482,1.1982151963284038,2.502812262477832,5.793280565655817,56
0394X,LA VALL DE BIANYA,350,GIRONA,4009,7.396021021021021,21.7276026026026,2.4183931278423447,1.2275199600798403,6.800777360880273,9
0411X,CASTELLÓ D'EMPÚRIES,2,GIRONA,3863,10.633890339425589,21.878616187989557,1.3304529981670594,2.4241307732226254,6.149241079457104,74
0413A,MAÇANET DE CABRENYS,355,GIRONA,3972,9.251265182186234,21.089473684210528,2.3190928843020098,1.613673057517659,6.3733600020798615,25
0421X,ESPOLLA,100,GIRONA,4013,11.659415584415585,22.196353646353643,1.5594513715710723,2.965743512974052,6.315476581000233,2
0429X,FIGUERES,45,GIRONA,4006,12.445290128108516,22.42290881688018,1.5360746720484357,2.077597402597403,6.440336149038919,6
0433D,CABO DE CREUS,75,GIRONA,3524,15.773817330210775,20.32827715355805,0.8805260495700555,,5.539026971468368,1630
1002Y,"BAZTAN, IRURITA",183,NAVARRA,3944,8.12576191716593,19.824641833810887,4.042930459327688,0.9147352264006139,6.086549838999906,68
1010X,BERA,54,NAVARRA,3878,9.661959056750453,20.006348795024618,5.305191755804851,1.1292827657378741,5.6194050269298454,140
1012P,IRUN,120,GIPUZKOA,4014,11.860114885114886,19.12584915084915,4.9947112927950945,1.5040050377833751,5.212708545416988,2
1014A,DONOSTIA / SAN SEBASTIÁN AEROPUERTO,4,GIPUZKOA,4018,11.93608891108891,20.23179320679321,5.365957998444387,2.9665504358655044,5.327754753179768,2
1021X,"ERRENTERIA, AÑARBE",165,GIPUZKOA,4005,9.920634524106921,19.808993255058706,5.530501428942583,1.527945959469602,5.449358154412928,6
1025A,SEGURA,255,GIPUZKOA,3284,9.022905878769418,20.01315869631435,3.062176165803109,1.0499389126450824,5.9587907887018545,3
1025X,"BEASAIN, ARRIARAN",255,GIPUZKOA,4015,9.090868151113334,19.527695771828874,3.2872090112640797,1.5576923076923077,5.869226364231204,6
1026X,ORDIZIA,290,GIPUZKOA,4011,9.612674650698603,19.01314870259481,3.579182342613494,1.9168623532350735,5.768515478749288,5
1033X,ARESO,520,NAVARRA,4011,8.409168123907069,17.433866133866136,4.931001748688484,1.4960980490245124,5.767413478420306,6
1037X,LEGAZPI,460,GIPUZKOA,3996,8.35796992481203,17.6937343358396,3.7437515652391684,,5.82150678740925,7
1037Y,ZUMARRAGA,431,GIPUZKOA,3959,8.166555783009212,17.318372569089046,3.746376811594203,1.4813598166539343,5.996057016229477,29
1038X,AZPEITIA,180,GIPUZKOA,4012,10.135291177205698,19.365433641589604,4.259023779724656,1.1935919899874843,5.424548886413956,5
1041A,ZUMAIA,28,GIPUZKOA,4018,11.830854139290407,19.733613666228646,3.0922310756972116,3.3505515200430454,4.8919704149135725,117
1044X,"ARAMAIO, ETXAGUEN",617,ARABA/ALAVA,4017,8.335029940119762,16.549875249500996,4.3778950012559665,,5.7695610907613055,4
1048X,ARETXABALETA,308,GIPUZKOA,4018,8.591959173512572,18.658899676375405,3.2899276988282224,,5.8755135411274395,1
1049N,ELGETA,470,GIPUZKOA,4013,8.977972465581978,17.497546933667085,4.550125187781672,1.4008004002001,5.682162317890324,8
1052A,MUTRIKU,150,GIPUZKOA,3997,12.3004263857537,18.28389766741911,3.22015562248996,2.7157419030881242,4.892821542833967,8
1056K,FORUA,45,BIZKAIA,4014,10.132351472790813,19.7799550673989,3.9177002259603317,2.2990009990009987,5.125420709403687,3
1057B,MATXITXAKO,93,BIZKAIA,3897,12.987085514834206,18.2887260034904,3.5309119010819163,5.004027885360186,4.520471606944584,791
1060X,AMURRIO,240,ARABA/ALAVA,4018,9.153696788648245,19.491984067712224,2.6420358387257346,1.8537272500623285,5.83474911742352,1
1064L,"OROZKO, IBARRA",270,BIZKAIA,4002,8.737902414486921,19.872258551307848,3.4548524262131064,1.0147420867526378,5.740714726840132,10
1069Y,"ABADIÑO, URKIOLA",747,BIZKAIA,4007,7.575840441545409,15.58871048670346,4.8031226391337185,,5.745189138114646,11
1074C,AMOREBIETA-ETXANO,100,BIZKAIA,4006,9.69438061938062,19.717407592407593,3.756928838951311,1.8924712356178088,5.370374824545068,6
1078C,BALMASEDA,210,BIZKAIA,4017,8.73189418517594,19.795408035937115,3.376235884567127,,5.54984588760852,3
1078I,GÜEÑES,208,BIZKAIA,3543,9.120190174326465,18.994928684627574,2.9438696172248804,1.3822777282188523,5.4069679158412765,508
1082,BILBAO AEROPUERTO,42,BIZKAIA,4018,10.720731707317073,20.423220507715282,3.4563391442155305,3.1299377334993777,5.29389065543253,0
1083B,SOPUERTA,177,BIZKAIA,3959,9.88240506329114,20.195746835443042,3.6135485510930354,1.4400810742335952,5.094014472674815,6
1089U,RAMALES DE LA VICTORIA,80,CANTABRIA,4015,9.097850821744627,20.237597977243997,3.9796291656226512,1.2049274637318659,5.385390958061064,4
1096X,"BARCENA DE CICERO, TRETO",10,CANTABRIA,3652,10.434744365035733,19.01313908741066,3.2465915338097857,2.2210757409440176,4.573154693265617,360
1109X,SANTANDER AEROPUERTO,3,CANTABRIA,4018,10.773859955145776,19.699053077498128,3.453583708013753,3.60349040139616,4.753822779946257,1
1111X,SANTANDER,51,CANTABRIA,4018,12.656203288490284,18.089038365719983,3.328113975576662,4.649863081901917,4.195404392946844,2
1124E,VILLACARRIEDO,196,CANTABRIA,3997,9.008921370967741,18.655695564516133,3.932068262862965,2.0449723479135247,5.0808692683948475,6
1135C,"LOS TOJOS, BÁRCENA MAYOR",460,CANTABRIA,4007,6.249,18.165200000000002,3.301524390243902,1.2137896577566822,5.248990601530797,9
1152C,SAN FELICES DE BUELNA,105,CANTABRIA,4010,9.289887076537013,19.839247176913428,3.5046464646464646,1.6461634591352163,4.990434910330609,4
1154H,"TORRELAVEGA, SIERRAPANDO",110,CANTABRIA,4014,10.936512742871562,18.887610396164522,3.5205416453755753,3.380279580629056,4.660960827481621,4
1159,SAN VICENTE DE LA BARQUERA,38,CANTABRIA,4007,11.034519929806969,18.251867635999,2.9654922538730633,2.808393886244049,4.446921228923339,10
1167B,"CAMALEÑO, FUENTE DE",1100,CANTABRIA,3997,5.880539302976342,16.23703892139405,3.7592468403404697,0.9943768996960486,5.813320641197124,10
1167G,"MIRADOR DEL CABLE, PARQUE NACIONAL PICOS DE EUROPA",1910,CANTABRIA,1396,3.176284875183554,9.491189427312776,2.751793721973094,5.945393258426966,6.2978615856430045,540
1167J,"CORISCAO, PARQUE NACIONAL PICOS DE EUROPA",1722,CANTABRIA,1245,3.8228084415584416,9.687012987012988,2.6841059602649002,3.381878088962109,6.241865529962427,531
1174I,"CILLORIGO DE LIÉBANA, TAMA",250,CANTABRIA,4016,7.730405405405406,20.07665165165165,1.9245881178232653,1.9141290804884126,5.687622853744983,4
1176A,TRESVISO,940,CANTABRIA,3968,7.983434650455927,15.37717253610337,3.6601966873706004,2.1252733282481566,5.349616925841546,46
1178R,"SOTRES, PARQUE NACIONAL PICOS DE EUROPA",1236,ASTURIAS,1358,5.8613653413353335,13.322805701425356,3.2632941176470593,2.872528301886793,5.53417324777623,537
1178Y,"POSADA DE VALDEÓN, SOTO",953,LEON,4000,4.991250940085234,15.32375939849624,3.5063963737093933,,5.708474224959296,10
1179B,CABRALES,458,ASTURIAS,3913,9.13506828137078,18.5195568152538,3.2943837753510143,2.7530376826454757,5.133961470838526,15
1183X,LLANES,10,ASTURIAS,3906,11.8781686497672,18.223719606828762,3.168967362225789,2.6623739332816134,4.047794047366168,45
1186P,"AMIEVA, PANIZALES",370,ASTURIAS,4006,9.041472577009767,19.30753819183571,3.209600808489136,1.5198498122653317,5.0930551811318345,7
1199X,"PILOÑA, BARGAÉU",280,ASTURIAS,3975,8.66271272542545,18.84688849377699,3.4138253638253637,1.198209783156833,5.0154691325595815,10
1203D,COLUNGA,30,ASTURIAS,4005,10.784039087947884,18.14685542470559,3.123481575603558,2.2264183954011494,4.1050052608555445,13
1207U,"GIJÓN, CAMPUS",26,ASTURIAS,3980,9.760738786279683,19.11129287598944,2.996798652064027,2.08161094224924,4.539893834063796,9
1208H,"GIJÓN, PUERTO",5,ASTURIAS,4018,12.59414694894147,18.69145703611457,2.8298348157560356,,4.06938993476442,2
1210X,CABO PEÑAS,100,ASTURIAS,3820,12.30849889624724,17.314054451802797,2.3695395845030878,3.9432807908095113,3.8769062383258324,343
1212E,ASTURIAS AEROPUERTO,127,ASTURIAS,4018,10.677716158306024,17.996778253209165,3.1822216316768537,3.401304893350063,4.167390383113019,3
1221D,PAJARES-VALGRANDE,1480,ASTURIAS,3912,4.142872008324662,11.307700312174818,4.243732970027248,2.86187106918239,5.798279697959647,27
1223P,"LENA, RONZÓN",370,ASTURIAS,4015,8.359849812265331,18.69632040050062,2.3551411290322584,1.693438123752495,5.313618724191814,5
1226X,"ALLER, FELECHOSA",750,ASTURIAS,4014,6.661684851560518,17.2046942400406,3.5298664612223933,1.4429892526868282,5.589282305638396,49
1234P,"MIERES, BAIÑA",170,ASTURIAS,4009,9.715111893386975,19.97631380437516,2.7645588985211633,1.0226330252310765,5.084772503977767,3
1249X,OVIEDO,334,ASTURIAS,4005,9.972195853110167,18.175218586060453,3.1709748083242064,2.205356682977079,4.904237522904961,12
1272B,"TINEO, SOUTU",280,ASTURIAS,4018,8.918243074619417,18.99535812328425,2.621485072722633,1.3303901950975487,5.680188774451267,1
1276F,POLA DE SOMIEDO,670,ASTURIAS,4018,6.461851015801355,18.262151993980435,2.8068671679197994,1.2538073625819466,5.441583629372104,6
1279X,"SALAS, CAMUÑO",240,ASTURIAS,3970,9.240960163432074,19.171986721144023,3.3573272589217917,1.8099443319838058,4.832531321975181,14
1283U,CABO BUSTO,60,ASTURIAS,3807,11.692743644067797,17.85143008474576,2.036592101629384,4.6134324249931185,3.8237104463436875,68
1297E,CERVANTES,1020,LUGO,4009,6.926758793969849,16.3029907011812,3.983549896049896,2.065755143000502,6.1384494012211,5
1302F,DEGAÑA,1310,ASTURIAS,3950,4.696822572445348,14.414844941535334,3.9110119877334824,1.5505268703898838,6.198410231096361,22
1309C,"IBIAS, SAN ANTOLIN",780,ASTURIAS,3979,7.779141414141414,17.521439393939392,3.1285310007718037,3.2460860810470673,5.817973869329503,10
1327A,"VILLAYÓN, ONETA",410,ASTURIAS,3992,9.849747856782654,16.703353504790723,3.252606153063819,2.6312814070351758,4.540055901475783,5
1341B,"TARAMUNDI, OURIA",340,ASTURIAS,3965,9.58052310817674,16.73298628745556,3.307137355584082,4.009926749179085,4.386827267024089,10
1342X,RIBADEO,43,LUGO,3977,11.14554960469268,18.26640306122449,2.5125094768764216,3.0864509605662285,4.0092996316703795,20
1344X,MONDOÑEDO,125,LUGO,3928,9.740607452782031,18.604518764360478,3.2725435005117705,,4.6060183506691095,72
1347T,BURELA,80,LUGO,4011,12.054506653276425,17.725031383379363,2.571641414141414,,3.8097151099881748,17
1351,ESTACA DE BARES,90,A CORUÑA,4001,12.59053329931105,17.102704771625415,2.071216462620474,8.201437941473259,3.4247623682715536,32
1363X,AS PONTES,343,A CORUÑA,3996,8.15790273556231,18.243161094224924,4.80273689646269,,4.900852284598727,25
1387,A CORUÑA,57,A CORUÑA,4018,12.519636635141863,18.583076157292187,3.031968967362226,3.586815670517328,3.7810777331886567,0
1387D,A CORUÑA BENS,132,A CORUÑA,3953,12.035007849293564,17.83881338212232,2.7480495995866696,4.046126401630989,3.902224500827356,86
1387E,A CORUÑA AEROPUERTO,98,A CORUÑA,4015,10.105326331582894,18.948924999999996,2.9434206374250556,3.589293735962066,4.39128595449506,7
1390X,"CARBALLO, DEPURADORA",98,A CORUÑA,3966,8.766295264623956,18.835705241833374,3.5079559989767204,,4.280854326520517,48
1393,CABO VILÁN,50,A CORUÑA,3845,11.93424030172414,16.84754849137931,3.2931007137192703,6.852920778874366,3.158834449640279,87
1399,VIMIANZO,287,A CORUÑA,4011,9.48554638659665,17.621830457614404,5.811931962427011,,4.312484507627975,3
1400,FISTERRA,230,A CORUÑA,3829,11.85938566552901,16.967813074297716,2.6517785504145492,6.753172043010753,3.756634023992681,173
1406X,MAZARICOS,340,A CORUÑA,4008,9.466107634543178,17.429444166249375,7.273212435233161,,4.591425997237179,6
1410X,SOBRADO,500,A CORUÑA,3970,6.881737812578934,18.18769891386714,4.153099173553719,,5.076553436320326,42
1428,SANTIAGO DE COMPOSTELA AEROPUERTO,370,A CORUÑA,4018,8.891872351034655,18.4985796162472,4.551839738348324,3.010673316708229,4.975332137018129,1
1435C,NOIA,128,A CORUÑA,3985,10.991711161962877,19.452477763659466,4.824090541632983,1.3361986387698512,4.611452227955319,24
1442U,BOIRO,10,A CORUÑA,3986,10.633981808994442,19.9642153146323,4.564676113360324,,4.769523211349242,17
1446X,MONTERROSO,680,LUGO,3937,8.336342042755344,17.731776194246503,3.031285788651744,,5.59463359998571,37
1466A,SILLEDA,435,PONTEVEDRA,3999,8.975698324022346,19.998273673521197,3.540192113245703,2.0167209827024313,5.248690661785012,14
1468X,A ESTRADA,269,PONTEVEDRA,3991,9.217659033078883,19.520458015267177,5.708677896886167,,5.158727819571023,32
1473A,PADRÓN,100,A CORUÑA,3952,9.548429454170957,20.417224510813593,4.1669675090252705,2.145017793594306,5.1770874668164675,15
1475X,SANTIAGO DE COMPOSTELA,240,A CORUÑA,3960,10.214983294782833,19.365227447956826,4.563191598360655,1.1647594936708858,4.814523465605976,10
1476R,"ROIS, CASAS DO PORTO",210,A CORUÑA,4002,10.288803680981596,19.18665302991562,8.022445348246059,,4.792630072841407,22
1477V,VILAGARCÍA DE AROUSA,32,PONTEVEDRA,4001,11.308343804976124,20.20123519032014,4.16570496738585,2.5245354093420396,4.729625130920325,12
1484C,PONTEVEDRA,113,PONTEVEDRA,4018,10.875454319143639,19.909412350597613,4.623958333333333,2.0340617935192165,4.809046977410684,1
1489A,A LAMA,395,PONTEVEDRA,4009,8.400750187546887,18.847786946736687,6.743154606975533,2.2548475762118936,5.310828291071047,7
1495,VIGO AEROPUERTO,255,PONTEVEDRA,4018,10.345570570570569,19.50510127531883,5.238852637302882,3.4105026256564144,5.073080114789687,2
1496X,VIGO,120,PONTEVEDRA,3950,11.919205298013246,19.923096511331806,3.557110033188665,1.5077632590315144,4.510145374827983,38
1505,LUGO AEROPUERTO,442,LUGO,4018,7.428350772296961,18.564648729446937,3.1270957274202273,1.953830796106813,5.442945426934419,4
1518A,LUGO,442,LUGO,3989,8.20390329891715,19.014605892722237,2.6846707818930042,1.6075955734406437,5.785016532496985,15
1521I,O PÁRAMO,403,LUGO,3998,7.573133953254587,19.429479768786127,2.3955616850551653,,5.789542143877608,11
1521X,BECERREÁ,1080,LUGO,4009,6.789125532448009,14.392883988975194,4.084992381919756,2.346142284569138,5.909521961022492,3
1541B,VILLABLINO,958,LEON,3892,3.8641071888688483,18.805535530381054,3.433359559402046,2.091146102219928,6.020809985797824,87
1542,PUERTO DE LEITARIEGOS,1530,ASTURIAS,3774,3.86188228761799,12.604192115491394,2.596337105419893,3.8728270042194097,6.039066762456602,74
1549,PONFERRADA,532,LEON,4018,8.06040318566451,20.46640119462419,1.8605946959549962,1.6918804483188044,6.822055714555228,0
1561I,VEGA DE ESPINAREDA,770,LEON,3833,5.467503924646782,19.366710251046026,2.749933563646027,,6.152393459154123,50
1583X,O BARCO DE VALDEORRAS,315,OURENSE,3906,9.463836396582966,21.252277432712216,2.037509809050484,,6.76285815481261,51
1631E,A POBRA DE TRIVES,840,OURENSE,3978,6.475270712666834,17.91717451523546,2.745905006418485,2.3090080971659916,6.017455690122464,25
1639X,CHANDREXA DE QUEIXA,990,OURENSE,4000,5.657656525018859,16.888534070907717,3.137950138504155,2.5472320080523403,5.92336211673342,10
1658,FOLGOSO DO COUREL,612,LUGO,3841,7.355490405117272,18.549973347547976,3.9868342795350094,,5.660855131006425,71
1679A,MONFORTE DE LEMOS,291,LUGO,4001,7.611680121089807,21.33516649848638,2.0532291666666667,1.0155927835051548,6.18572784006254,9
1690A,OURENSE,146,OURENSE,3947,9.506107450582869,22.556219913858627,2.317027612344342,1.2964376590330788,6.240328709034914,71
1696O,BEARIZ,610,OURENSE,4012,5.221306960440661,19.100425745053844,5.9203510557110155,,5.412148004755979,4
1700X,O CARBALLIÑO,400,OURENSE,3998,7.298860182370821,20.58318135764944,3.0393413775766716,0.7781472081218276,5.970272176075242,7
1701X,RIBADAVIA,112,OURENSE,4005,9.271094927172275,22.37883504895807,2.6791740115839837,1.5587915407854986,6.2399311178965515,9
1706A,ALLARIZ,492,OURENSE,3944,7.531589691247767,20.11745343199796,2.3840224604389997,,5.895859284529248,24
1719,A CAÑIZA,560,PONTEVEDRA,4007,8.767476214321483,18.5936154231347,5.345064704389749,,5.40774248938923,5
1723X,"PONTEAREAS, CANEDO",90,PONTEVEDRA,3968,9.059463562753036,21.895091093117408,4.392295879191195,,5.490808420935195,36
1730E,O ROSAL,55,PONTEVEDRA,4015,11.10911609166457,21.02233694283556,4.355113350125945,,4.986378484162942,28
1735X,XINZO DE LIMIA,616,OURENSE,3792,5.049650537634408,19.006501880709294,2.032786444324906,2.3562466631073145,6.062321628599214,33
1738U,MUIÑOS,730,OURENSE,3987,7.153610062893081,18.6702893081761,3.780886075949367,,5.863270948038658,22
1740,"SANTILLANA DEL MAR, ALTAMIRA",150,CANTABRIA,4007,10.557520786092214,18.190602166792644,3.9271702944942377,2.3417607223476296,4.522185361587263,6
2005Y,"VINUESA, QUINTANAREJO",1197,SORIA,4007,4.179546027742749,17.111363063744015,2.8396054628224583,1.4564102564102563,6.580160945069769,29
2017Y,"LA PÓVEDA DE SORIA, BARRIOMARTÍN",1260,SORIA,3993,4.147633434038268,16.191817269076306,1.8365921787709498,3.0821807168096917,6.666663473143385,5
2030,SORIA,1081,SORIA,4018,5.857939273270283,18.780164260826282,1.7188799556418075,2.5823324196361823,6.919298128294656,0
2044B,LUBIA,1100,SORIA,3865,4.764287602431932,18.489563170285116,1.4400654129190515,3.398153599143698,7.017768554476378,8
2059B,LA RIBA DE ESCALOTE,1042,SORIA,3941,5.540816326530612,18.080581039755355,1.1777660417216793,4.410623084780388,7.160131622065303,11
2084Y,UCERO,960,SORIA,3995,3.4423375971908707,18.577638505891205,1.569030612244898,,6.576079540815413,9
2092,BURGO DE OSMA,932,SORIA,4001,4.600426171972925,19.726067302862887,1.7407649723200804,3.460276381909548,7.066920605832341,7
2096B,LICERAS,1150,SORIA,3994,6.033467235751946,18.09409844299347,1.2927254357160898,4.082026143790849,7.284888401155307,6
2106B,CORUÑA DEL CONDE,955,BURGOS,4010,6.41580129805292,18.502869977539305,1.4176293319939728,2.990135202804206,7.350508719170827,5
2117D,ARANDA DE DUERO,790,BURGOS,4018,5.528678866883931,19.772649786914016,0.8586039376118639,1.8792518703241894,7.273588874560697,27
2135A,FRESNO DE CANTESPINO,993,SEGOVIA,3895,4.595849445733436,18.897139912393715,1.3253171110535853,3.214914552045572,7.065374018695623,33
2140A,ALDEANUEVA DE SERREZUELA,1135,SEGOVIA,4012,7.649738219895289,17.237945649463978,1.5024195559990023,3.848228542914172,7.465088662299232,2
2166Y,PEÑAFIEL,756,VALLADOLID,4002,6.136950000000001,19.312125,0.998991935483871,,6.938205254281373,16
2172Y,SARDÓN DE DUERO,725,VALLADOLID,3878,4.796618106139438,21.16341716359865,1.0760042283298097,2.2408461739357537,7.058298886388929,12
2182C,PEDRAZA,1107,SEGOVIA,3983,6.872832369942197,18.06686807653575,1.3910700733620034,2.940849342770475,7.365551691359731,17
2192C,CUÉLLAR,795,SEGOVIA,4011,3.179156265601598,20.857859281437122,1.2620749999999998,2.5671828171828173,6.895150019896796,6
2243A,AGUILAR DE CAMPOO,910,PALENCIA,4000,4.315532766383192,17.403153153153152,1.524237029501526,2.529954954954955,6.312223239343657,11
2276B,VILLAELES DE VALDAVIA,908,PALENCIA,3971,4.525941845764855,17.86925403225806,1.3411435832274459,3.1494795633409494,6.806779512218287,24
2285B,VILLADIEGO,869,BURGOS,2681,6.488793103448275,18.487191011235957,1.196705353800075,4.345870870870871,6.871389905077984,23
2290Y,PEDROSA DEL PRÍNCIPE,771,BURGOS,4018,5.4501120238984315,19.19108787652477,1.0992305719415234,2.750374251497006,6.934724764595639,1
2296A,ÓLVEGA,1039,SORIA,3992,5.808121699773698,18.186346492330905,1.4671690530017583,3.4642335766423358,6.680746667226758,9
2298,PALACIOS DE LA SIERRA,1080,BURGOS,3934,4.0107078967544085,18.18194798572157,1.9402202412165706,2.612692103868574,6.79125287397521,23
2302N,MONTERRUBIO DE LA DEMANDA,1197,BURGOS,4001,4.169874055415617,15.96663306451613,2.526321190354028,3.5184118236472948,6.5349191944115335,30
2311Y,VILLAMAYOR DE LOS MONTES,884,BURGOS,3962,6.392724968314322,18.23274201723264,1.165948275862069,3.387851889424296,7.071349580151609,31
2331,BURGOS AEROPUERTO,891,BURGOS,4018,5.3857640617222495,17.84440019910403,1.5491525423728814,4.49808362369338,6.735149736815107,0
2362C,"VELILLA DEL RÍO CARRIÓN, CAMPORREDONDO DE ALBA",1575,PALENCIA,3986,4.4454107505071,14.784634888438132,2.3963489932885906,3.9575359757636956,6.776417955722128,37
2374X,CARRIÓN DE LOS CONDES,830,PALENCIA,3929,5.444132653061224,19.065817626082524,1.1649414824447335,1.9886642993717563,6.811771241964859,49
2401X,PALENCIA,736,PALENCIA,4016,6.104859207575381,19.686045352604037,1.084706774519717,2.2765968063872255,7.02361224940944,2
2422,VALLADOLID,734,VALLADOLID,4018,7.762419113987058,20.079616724738674,1.2678113927500683,1.8788988540109615,7.364307662574119,0
2430Y,MUÑOTELLO,1178,AVILA,3961,6.841435185185185,18.30446611909651,1.471750696731695,3.217229129662522,7.045210622123617,107
2444,ÁVILA,1130,AVILA,4017,6.8152103559870545,18.4537216828479,1.1885955649419218,2.846389442231075,7.246775195042674,1
2453E,GOTARRENDURA,920,AVILA,4003,6.386171542885721,19.308529264632316,0.9552009119407239,3.1840230749937297,7.304097808489752,13
2456B,AREVALO,820,AVILA,3963,6.360671886840111,19.955547131665405,0.9742033383915023,2.807189873417722,7.390454627311278,26
2462,PUERTO DE NAVACERRADA,1892,MADRID,4018,4.417808219178082,12.421643835616436,3.916020806241873,3.747717635320529,7.685930600826719,1
2465,SEGOVIA,1008,SEGOVIA,4018,7.882951717272274,18.934743653558982,1.383368983957219,2.9378984063745017,7.418232933936577,0
2471Y,SAN RAFAEL,1237,SEGOVIA,3965,5.4721100454316005,16.947006819904015,1.935483048687229,,7.140668737062187,37
2482B,MIGUELAÑEZ,870,SEGOVIA,3893,6.959792477302205,19.30791720569211,0.9933350757971773,3.752715985514744,7.317034481980539,27
2491C,"LA COVATILLA, ESTACIÓN DE ESQUÍ",1960,SALAMANCA,3602,3.6472555746140647,11.282447112635792,3.623027599665458,5.1025207402680275,6.792635490061374,250
2503B,"OLMEDO, DEPÓSITO DE AGUA",786,VALLADOLID,3958,6.762620375063355,19.969865788807294,1.0994629156010232,3.368202647657841,7.447728521787034,12
2507Y,RUEDA,724,VALLADOLID,4006,7.25605908863295,20.0367408147963,0.9603219942871981,2.826574307304786,7.334731040112639,8
2512Y,RIVILLA DE BARAJAS,925,AVILA,3991,7.27175495857394,18.710197945377097,0.9377420165954237,3.514770408163265,7.257936582467953,21
2517A,FUENTE EL SOL,755,VALLADOLID,3996,5.926758793969849,20.8834003013561,0.9134358457272499,3.525107025938051,7.260186899227019,15
2536D,MORALES DEL TORO,710,ZAMORA,3782,6.379792883696229,20.75610079575597,1.0270435244161358,3.6576217079010376,7.141938931700122,12
2555B,FUENTESAUCO,811,ZAMORA,3994,6.8340949033391905,19.28751253761284,1.0430468961778259,3.6141702450113664,7.2067092535344575,13
2568D,"SANTERVÁS DE LA VEGA, VILLAPÚN",985,PALENCIA,3998,5.117312984738554,17.08063547660745,1.3997941327843542,3.1156774355121466,6.7151254442963415,9
2593D,VILLALÓN DE CAMPOS,782,VALLADOLID,4015,5.846778221778222,19.91762356465302,1.0721398038722654,3.4697616060225847,7.259040469463469,5
2604B,MEDINA DE RIOSECO,731,VALLADOLID,3992,5.763636363636364,19.47016311166876,1.125757183536112,2.9895477386934677,7.192716366126725,12
2611D,VILLAFÁFILA,690,ZAMORA,4010,6.051385767790262,20.027141073657926,0.985477843032568,3.3908591408591406,7.100439745230469,7
2614,ZAMORA,656,ZAMORA,4018,8.19596412556054,20.70002491280518,1.1103264996203492,1.9930707876370886,7.412124572998812,3
2626Y,CUBILLAS DE RUEDA,916,LEON,3966,4.014445007602635,17.727436092128578,1.408677792041078,2.351847133757962,6.611616666632028,27
2630X,PUERTO DE SAN ISIDRO,1510,LEON,3247,2.225945945945946,11.94043837357052,3.0015529071867095,3.8198757763975157,5.915218239693382,168
2661,"LEÓN, VIRGEN DEL CAMINO",916,LEON,4018,5.951569506726457,18.031340308918786,1.3840433772269558,3.3069213189683317,6.706061375771668,2
2664B,VALENCIA DE DON JUAN,788,LEON,3857,6.113732670677479,18.50742961418144,0.9715795177458683,3.507682188897659,6.697692578693032,16
2701D,"BARRIOS DE LUNA, MIÑERA",1120,LEON,4011,4.373269327943406,17.608436473857036,2.4704692960559163,2.7283037721708716,6.082664157816788,35
2728B,"QUINTANA DEL CASTILLO, VILLAMECA",995,LEON,3952,5.874714394516375,16.941419518377693,1.859498956158664,2.9512461851475074,6.5363821832769435,10
2734D,ASTORGA,919,LEON,3617,5.568313219197306,19.554026561175473,1.2894043528064147,2.660451170759566,6.455610471268677,100
2737E,LAGUNAS DE SOMOZA,1020,LEON,3761,3.919346733668341,16.937315099078983,1.2293475217026044,2.532528180354267,6.3684209535920715,152
2742R,BUSTILLO DEL PÁRAMO,850,LEON,3989,5.541225839267548,18.29266683582847,1.1197919375812744,2.9775448345541804,6.565121362994234,38
2755X,BENAVENTE,715,ZAMORA,4017,7.233781763826607,20.034030891878427,1.019440914866582,2.3164588528678305,7.081549403207755,1
2766E,"SANABRIA, ROBLEDA-CERVANTES",933,ZAMORA,4010,2.486585061204097,18.196328671328672,2.3432714322055457,0.9947553324968633,5.9070951055998595,6
2775X,VILLARDECIERVOS,850,ZAMORA,3983,4.736649746192894,19.34267612772428,1.8192968950474726,2.5737579617834396,6.4599715086669445,21
2777K,SANTIBAÑEZ DE VIDRIALES,737,ZAMORA,3995,5.295075376884422,19.433817999498622,1.1347063310450038,2.4794406651549514,6.77041345473837,10
2789H,POZUELO DE TABARA,711,ZAMORA,3961,6.57748102333427,19.533761878144215,1.1108044780005208,3.450216560509554,7.028921046052502,378
2804F,VILLADEPERA,790,ZAMORA,3944,7.248842592592593,18.65034606511151,1.494712510835019,4.437935483870968,7.070613799731357,16
2828Y,BARCO DE AVILA,1012,AVILA,4009,4.6445443196005,19.029505741387922,1.474865211810013,2.8564593301435406,6.352173034754521,8
2847X,PEDROSILLO DE LOS AIRES,865,SALAMANCA,3997,5.197201729839736,19.304903455284553,1.072974345948692,3.4254833040421793,6.7880865411542475,49
2863C,PEDRAZA DE ALBA,897,SALAMANCA,3890,5.407342295760082,19.056845084920226,1.1494850805386851,2.313356438283124,6.969317917460559,31
2867,SALAMANCA AEROPUERTO,790,SALAMANCA,4018,5.391502616496386,20.430219232685598,1.0383359662980516,3.48018018018018,6.97712381201563,2
2870,SALAMANCA,775,SALAMANCA,4014,8.030289193302892,20.708572153182853,0.9661582960820404,1.9429426433915213,6.959164141690021,69
2873X,BARBADILLO,817,SALAMANCA,3944,5.653002544529261,19.478221092757302,1.121690796277146,2.963443335891532,6.94534296934365,17
2882D,PEÑAUSENDE,1003,ZAMORA,3597,8.406776180698152,19.206561218512014,0.965415939499709,,7.021426520058305,142
2885K,FRESNO DE SAYAGO,804,ZAMORA,4015,5.6480871548011145,19.60739614994934,1.3189433962264152,4.258148240578987,6.979088195807745,40
2891A,VILLARINO DE LOS AIRES,690,SALAMANCA,4006,7.995375,21.05656085978505,1.5209536423841061,3.3182795698924727,7.049458119906861,13
2914C,BOADILLA FUENTE SAN ESTEBAN,785,SALAMANCA,3966,6.627783531848783,19.14509956038273,1.2453973249409913,3.138780672906653,6.82323852489827,94
2916A,VITIGUDINO,769,SALAMANCA,4009,7.0617293233082705,20.882084690553746,1.448,3.6159270998415214,7.034374265171968,12
2918Y,EL MAÍLLO,1027,SALAMANCA,3975,7.134073700151439,18.1261976802824,1.942148974824812,3.811784002018672,6.697631254426404,13
2926B,BAÑOBÁREZ,748,SALAMANCA,3952,6.7641726251276815,19.4508896797153,1.4655361335768327,2.8825784868759654,6.660643053139616,26
2930Y,NAVASFRÍAS,880,SALAMANCA,3934,4.1207082371054655,18.66191942519887,2.811800766283525,1.6608562691131499,6.156159113700115,30
2945A,EL BODÓN BASE AÉREA,805,SALAMANCA,3945,6.780309566099974,19.27233071265534,1.458886346300534,3.268454499237417,6.650006419103358,47
2946X,SAELICES EL CHICO,680,SALAMANCA,4004,7.180140421263792,21.053157894736845,1.26126359399275,2.8669595782073816,6.928518561596559,14
2966D,ALCAÑICES,840,ZAMORA,4010,6.46058867548017,19.30912718204489,1.6724677948977014,3.8332750873689467,6.7525892882850105,7
2969U,A GUDIÑA,910,OURENSE,3936,7.324561403508772,17.764241486068112,3.3142634044768355,,6.71599536044713,62
2978X,VERÍN,380,OURENSE,3974,6.470582278481014,21.654280648429587,1.9375289575289574,,6.446395998805498,17
3013,MOLINA DE ARAGÓN,1062,GUADALAJARA,4018,4.000597460791636,19.314189693801346,1.329395218002813,1.905908750934929,7.094405941438151,1
3021Y,ZAOREJAS,1250,GUADALAJARA,3811,5.9703125,17.664665570175437,1.666969947615109,2.8250135208220657,7.405447451642773,80
3040Y,BETETA,1214,CUENCA,3356,5.043188698284561,18.20084090144635,1.6404663046949859,,6.97199122702387,311
3085Y,PASTRANA,920,GUADALAJARA,3795,8.061875604253947,20.934224943602963,1.2964639699973208,,7.974834126793176,568
3094B,TARANCÓN,819,CUENCA,4002,10.157111111111112,22.3295,0.6855924459335974,3.014003500875219,8.062116505575549,354
3103,PANTANO EL VADO,910,GUADALAJARA,3967,7.188394235717961,19.784637159032425,1.8206833594157539,1.7984494153533301,7.236969369479022,35
3104Y,RASCAFRÍA,1159,MADRID,3952,3.6560769230769234,18.881615384615387,2.7372564302416214,1.1659488218900433,6.364094246635825,24
3110C,BUITRAGO DEL LOZOYA,1030,MADRID,3726,5.50533294897665,18.989708849812626,1.3824546240276578,1.799892328398385,6.815129776795498,119
3111D,SOMOSIERRA,1454,MADRID,3541,5.542300613496933,15.699110429447854,2.9371538008249853,1.8820116718159974,7.42137666219974,291
3125Y,SAN SEBASTIÁN DE LOS REYES,672,MADRID,3423,9.935784313725492,22.649509803921568,1.174472049689441,,7.541105251081866,26
3126Y,"MADRID, EL GOLOSO",740,MADRID,3904,8.579234972677595,20.36814988290398,1.1607503991484833,1.2629888629888628,7.440734737085157,27
3129,MADRID AEROPUERTO,609,MADRID,4018,9.035748070699528,22.404880478087648,1.1970840926841968,3.0788988540109616,7.808662549092155,1
3130C,SIGÜENZA,1005,GUADALAJARA,3827,4.00151233749005,18.755425842398513,1.312442396313364,1.8230190174326466,6.899004267887358,29
3140Y,MANDAYONA,990,GUADALAJARA,3768,7.16794731064764,20.46270581778266,1.1428200692041521,,7.544546704008318,93
3168D,GUADALAJARA,727,GUADALAJARA,4018,9.320453413054311,21.73572496263079,1.232957168504745,2.4225790390838933,7.659104295900157,1
3170Y,ALCALA DE HENARES,605,MADRID,3584,8.038159019663722,22.724308919920208,1.0665538635081782,2.565299773755656,7.851057433661127,145
3182Y,ARGANDA DEL REY,533,MADRID,3858,9.049273447820344,23.152496697490093,0.9428417071853051,2.46522649908353,7.931452165176984,38
3191E,COLMENAR VIEJO,1004,MADRID,4018,9.651805728518058,18.99648991784914,1.522148337595908,2.5562111028130445,7.603982930999961,2
3194U,"MADRID, CIUDAD UNIVERSITARIA",664,MADRID,158,4.1430894308943085,15.942276422764229,0.8941176470588236,,4.689841591603949,6
3194Y,POZUELO DE ALARCÓN,665,MADRID,3928,8.238422131147543,22.339600409836063,1.4410131139110312,,7.6526028646884185,43
3195,"MADRID, RETIRO",667,MADRID,4017,11.305167562036328,21.474469173701713,1.2005116398055768,1.9348720964422228,7.866726940280756,82
3209Y,BRIHUEGA,835,GUADALAJARA,3883,6.429696024941544,19.738737334372566,1.3914982944109158,,7.2441817589965165,37
3229Y,TIELMES,594,MADRID,3974,8.637942449707158,22.36681945505475,0.9575074667390714,,7.766072855830966,11
3245Y,TEMBLEQUE,635,TOLEDO,3939,7.665582726326743,22.70059833506764,0.8266273932253314,,7.886430956164906,25
3254Y,MORA,717,TOLEDO,3847,10.029961549837328,22.693256433007985,0.7678260869565218,2.3611053180396246,8.062675132397011,246
3260B,TOLEDO,513,TOLEDO,4013,10.650525788683025,23.678793189784678,0.9495209278870399,3.1494979919678716,8.013157612979406,6
3266A,PUERTO ALTO DEL LEÓN,1530,MADRID,3925,5.411008691071898,14.397893073479063,2.2469743022934514,4.4744379683597,7.727884838376168,100
3305Y,NAVAHERMOSA,750,TOLEDO,3895,9.963111111111111,22.2920522875817,1.3004830917874395,,7.784534044511112,27
3319D,PUERTO DEL PICO,1285,AVILA,4006,1.5623334171486043,16.981260989701077,4.121514543630893,2.497147950089127,6.075913449985994,12
3330Y,ROZAS DE PUERTO REAL,890,MADRID,3895,8.92530057501307,19.31424464192368,1.7061186974789915,,7.3268446714601385,58
3337U,CEBREROS,850,AVILA,3962,9.30661429295489,21.371130876747138,1.4323529411764706,2.0060473494595987,7.5297340147932985,43
3338,ROBLEDO DE CHAVELA,770,MADRID,3545,9.482793209876542,21.254050925925927,1.1960166262556287,1.9915246832678026,7.7090497518267265,765
3343Y,VALDEMORILLO,884,MADRID,3684,9.84312966546862,20.824937793751733,1.3645688938175768,2.539939692982456,7.687255432451746,95
3362Y,CASTILLO DE BAYUELA,560,TOLEDO,3978,11.100409207161125,22.342071611253196,1.7261097977410031,,7.8789826298089,31
3365A,TALAVERA DE LA REINA,372,TOLEDO,3736,9.874753829321662,24.16652078774617,1.0764444444444443,2.3292248603351955,7.863840867159126,35
3386A,NAVALVILLAR DE IBOR,923,CACERES,4005,10.137339380196522,19.724647177419353,2.5356982263302523,1.7612188365650967,7.3389741967332185,11
3391,SOTILLO DE LA ADRADA,630,AVILA,3132,9.898562561254492,22.61420233463035,1.4984076433121019,1.541103493307215,7.506333741542754,99
3422D,CANDELEDA,350,AVILA,3982,9.898212487411882,24.089227284168135,2.4023894255210982,1.839561823218333,7.343602152723403,11
3423I,MADRIGAL DE LA VERA,464,CACERES,4018,11.128542914171655,23.081212574850298,3.15435,1.0317024463305042,7.493225064875281,4
3427Y,OROPESA,345,TOLEDO,3647,8.575096239265621,24.33742967130589,1.5419213973799126,,7.540244339111399,201
3434X,NAVALMORAL DE LA MATA,269,CACERES,4016,9.996618236472946,24.114754509018038,1.7080697384806973,2.3904761904761904,7.563280350921788,7
3436D,GARGANTA LA OLLA,690,CACERES,4017,11.324364723467863,20.833482810164423,4.32573566084788,2.102116006970376,7.203286129783288,2
3448X,SERRADILLA,406,CACERES,4018,11.770598636019198,22.772518312705227,1.7109245803056878,2.9804087736789633,7.603045982128575,52
3455X,JARAICEJO,559,CACERES,4009,11.46192855358481,22.32955283537347,1.6069232691827042,3.2828878341244065,7.498088484380635,4
3469A,CÁCERES,394,CACERES,4018,11.349452463912394,23.072847187655555,1.5104896976184103,2.7918367346938777,7.327705792323719,0
3475X,CAÑAVERAL,373,CACERES,3996,12.224772497472195,23.23040950455005,1.5362064645452267,3.5518565294266233,7.546430712990405,18
3494U,NUÑOMORAL,470,CACERES,4005,7.591059353869272,22.295291760581016,2.8436545682102623,1.5162446728503383,6.766196222955595,8
3503,GUIJO DE GRANADILLA,393,CACERES,4006,10.997971957936905,23.154131196795195,1.833349987509368,2.6533400050037526,7.418675434702714,4
3504X,HERVÁS,724,CACERES,4015,9.515639097744359,20.32330827067669,2.6338169084542273,2.056281281281281,6.960129690021873,9
3512X,MONTEHERMOSO,351,CACERES,4016,10.484703537618337,23.307349277528647,1.8452297702297702,2.222308075772682,7.237474717870996,2
3514B,TORNAVACAS,991,CACERES,4015,9.740264603095357,19.074837743384922,3.4033008252063013,3.8762914898926875,7.156378990871132,9
3516X,PIORNAL,1260,CACERES,4014,8.089074778200255,17.40874524714829,4.3120848938826475,2.5544113971507123,7.254447798819655,31
3519X,PLASENCIA,415,CACERES,3988,12.317228853139595,23.605552672548,1.7191969887076537,1.5704875518672199,7.631176344005283,19
3526X,CORIA,313,CACERES,4004,11.521133890154392,24.002277904328018,1.4241915266984206,2.7402109596089526,7.3849521923664865,7
3531X,TORRECILLA DE LOS ANGELES,459,CACERES,3973,9.134655215963626,22.802803738317756,2.6131645569620257,2.0426507856056766,7.03479037324102,21
3536X,HOYOS,560,CACERES,4007,10.885961393833043,21.924492353973427,3.0224116319879673,2.2463329161451813,7.173785978220232,6
3540X,ZARZA LA MAYOR,336,CACERES,4018,11.271364430032426,23.577999501122473,1.4332005973120954,2.8258491508491512,7.251850623719396,7
3547X,VALVERDE DEL FRESNO,450,CACERES,4004,10.817924291802457,22.464987468671676,2.39805,2.2536725996490343,7.092320354545467,15
3562X,ALISEDA,321,CACERES,4000,10.794555945810338,23.611214249874557,1.2867305751765894,2.476272886882368,7.303118192449519,9
3565X,BROZAS,425,CACERES,4018,10.974731853330006,22.711524070840607,1.3271980074719802,4.012518703241896,7.204710099118019,4
3576X,VALENCIA DE ALCÁNTARA,444,CACERES,4010,10.474578828262509,22.461629368871012,1.283752221375984,2.995448766844648,6.8780722347030805,5
367,GIRONA AEROPUERTO,143,GIRONA,4018,9.279685119349924,22.943934010152287,1.8110634878114116,2.914896829391042,6.770205029929816,10
4007Y,OSSA DE MONTIEL,905,ALBACETE,3941,8.17174635643058,21.769803119406802,0.8715672280902083,2.2691389382778766,7.824287852529539,26
4051Y,ALCÁZAR DEL REY,875,CUENCA,3838,7.660356288221218,20.74793937782505,1.1837341259119156,2.6177533385703065,7.8574278533101785,76
4061X,QUINTANAR DE LA ORDEN,691,TOLEDO,3889,8.119425874950846,20.273063311049942,0.8800467653936088,1.6908943965517242,7.151599059759222,220
4064Y,ALCAZAR DE SAN JUAN,640,CIUDAD REAL,3967,10.492615227909345,23.035539714867618,0.8074866310160428,1.5762626262626263,8.352832669856376,16
4067,MADRIDEJOS,690,TOLEDO,3745,8.090786273980004,21.768305863280194,0.7290353390639922,3.1838489923360775,7.879485566615183,80
4070Y,ABIA DE OBISPALIA,1020,CUENCA,3861,6.632093266963583,20.19884726224784,1.23759477124183,2.426038421599169,7.414769837964198,64
4075Y,VILLARES DEL SAZ,870,CUENCA,3937,8.519326847225875,20.94851433079148,0.9376450608547976,,7.8796367080996985,16
4089A,ALBERCA DE ZANCARA,858,CUENCA,3848,8.361569043201696,21.47821362311158,0.9863818014140793,2.5761271826948136,7.913855642660985,65
4090Y,SAN CLEMENTE,728,CUENCA,3520,8.124865991661704,21.659261465157833,0.920671188861121,3.83929512516469,7.971910486461405,308
4091Y,VILLARROBLEDO,718,ALBACETE,3989,9.059607843137256,23.552967320261434,0.9095611285266457,3.213783580215918,7.9792524251735255,8
4093Y,OSA DE LA VEGA,763,CUENCA,3919,8.056092544987148,21.64933161953728,1.0826390685640361,2.4570041972717735,8.024170711691832,45
4095Y,BELMONTE,745,CUENCA,3744,9.889172714078374,22.131465892597966,0.8828303545268094,2.205045095828636,7.97798971979695,74
4096Y,MUNERA,918,ALBACETE,3782,6.584368131868131,21.357527472527472,1.008890163464296,1.8274336283185841,7.650198406868891,68
4103X,TOMELLOSO,662,CIUDAD REAL,3775,9.203087569869577,23.37527282406175,0.8301830910070006,2.739184597961495,8.042498055683424,84
4116I,ALMAGRO / FAMET,626,CIUDAD REAL,4018,8.810488290981565,23.053947696139478,0.9117380352644836,2.766045340050378,8.112533751160973,1
4121,CIUDAD REAL,626,CIUDAD REAL,4018,10.511752988047808,23.024645257654967,1.048825200103279,2.110710710710711,8.080565247119434,1
4138Y,VILLANUEVA DE LOS INFANTES,900,CIUDAD REAL,3810,9.42158789166224,21.676739245884228,1.0229682920330403,3.343947368421053,7.9906857270072935,27
4147X,VALDEPEÑAS,700,CIUDAD REAL,3824,9.74767777486224,22.491316894018887,0.8182585751978891,1.8343355704697986,8.099808111526023,186
4148,VISO DEL MARQUÉS,804,CIUDAD REAL,3896,8.672871179039301,21.27046943231441,1.0585076168344953,2.6859408033826635,7.887531652754209,47
4193Y,EL ROBLEDO,587,CIUDAD REAL,3992,9.464086845466154,23.733043922369767,1.6587093521552811,,7.701357969640846,68
4220X,PUEBLA DE DON RODRIGO,533,CIUDAD REAL,3626,8.245751833740831,23.42469437652812,1.2743238496663154,1.533347475604582,7.4820159514376074,158
4236Y,PUERTO REY,689,CACERES,3789,10.174343163538873,22.185415549597856,1.6541201488569908,2.495345557122708,7.631108211188595,15
4244X,HERRERA DEL DUQUE,447,BADAJOZ,4009,10.663717948717949,24.180307692307696,1.4796652510617039,2.2415001297690114,7.559424960181962,25
4245X,GUADALUPE,660,CACERES,4018,10.29210986267166,22.369637952559298,2.5472131967008247,1.2346287992027902,7.291428781406003,9
4260,PERALEDA DEL ZAUCEJO,542,BADAJOZ,4013,9.065302046929606,23.04712930604094,1.111412908048841,2.669138576779026,7.230333374089524,2
4263X,VALSEQUILLO,575,CORDOBA,4008,9.07059118236473,23.252004008016034,1.1024818250188018,2.77825761357963,7.499377353652103,3
4267X,HINOJOSA DEL DUQUE,551,CORDOBA,3956,9.852482088024566,23.626970317297854,1.0868974358974357,2.6995570609692554,7.63034285883281,20
4300Y,ALMADÉN,535,CIUDAD REAL,4001,11.976675062972292,24.41073047858942,0.9540382165605096,1.8616424636955433,7.8712173707780915,7
4325Y,CASTUERA,459,BADAJOZ,1807,12.569661674986133,23.713754853022735,1.0983951300498065,3.6401220865704773,7.515966823498003,4
4339X,CAÑAMERO,590,CACERES,4018,10.985158393614368,21.979121975555003,1.8558911632551174,2.363874345549738,7.279590183453626,6
4340,NAVALVILLAR DE PELA,313,BADAJOZ,4014,11.235974090682612,24.29255107125062,1.2018449264522562,2.6419386992275107,7.407371140820128,2
4347X,ZORITA,413,CACERES,4002,11.961409227683049,23.296890672016048,1.3770697441043653,3.4508263412153575,7.418800516078937,10
4358X,DON BENITO,274,BADAJOZ,4006,11.772397277539705,24.931787244769346,0.9683829042739315,1.8710493046776233,7.2684221016507635,7
4386B,LLERENA,655,BADAJOZ,4018,11.359348370927318,22.719899749373436,1.1612015018773467,3.716899264146156,7.421998773703491,11
4395X,VILLAFRANCA DE LOS BARROS,430,BADAJOZ,4018,9.502367896311068,23.685144566301098,0.9336243452232477,3.1229088168801806,6.954013210187995,4
4410X,MÉRIDA,228,BADAJOZ,4017,10.199217566885412,25.250378596668348,1.1577633549675488,2.105600608210846,6.9175267642087315,31
4411C,ALCUESCAR,467,CACERES,4017,10.92085201793722,23.04598903836572,1.4932768924302788,2.9897781101969585,7.297863561257905,2
4427X,ZAFRA,433,BADAJOZ,4015,9.772604453340005,23.915761821366022,1.2308056872037916,2.7432533733133435,7.042072722310193,9
4436Y,ALMENDRALEJO,371,BADAJOZ,4018,11.239078455790784,23.716488169364883,1.0967645594823296,3.272815533980583,7.153818265599191,2
4452,BADAJOZ AEROPUERTO,186,BADAJOZ,4018,11.188377302140367,24.928894972623198,1.161140416980658,2.6183424589347934,6.905787747432805,0
4464X,ALBURQUERQUE,283,BADAJOZ,3994,9.685667257533552,24.12084071916941,1.401409869083585,2.0884284992420414,6.87000014266565,10
4468X,PUEBLA DE OBANDO,392,BADAJOZ,4016,10.32058383233533,23.166666666666668,1.6110557768924303,2.9855538922155684,6.9570818451268295,4
4478X,BADAJOZ,174,BADAJOZ,4018,10.645604395604396,25.331268731268732,1.2287954206072673,2.299749687108886,6.960226390237295,7
4486X,OLIVENZA,275,BADAJOZ,4014,11.171018472291564,24.236769845232153,1.2214855433698903,3.5541666666666667,6.9628616402444345,4
4489X,ALCONCHEL,170,BADAJOZ,4018,11.375741710296683,24.16858638743456,1.1245644599303135,2.982626060908637,6.60077577657489,7
4492F,BARCARROTA,377,BADAJOZ,3483,9.91232363950475,24.35440668202765,1.5557315668202765,2.0438459223593135,6.827706243846946,4
4497X,VILLANUEVA DEL FRESNO,247,BADAJOZ,3974,11.503907048008172,24.107048008171606,1.1863224181360201,2.999974515800204,6.571310392170431,9
4499X,MONESTERIO,771,BADAJOZ,4016,10.527272727272727,20.94055944055944,1.76528367908023,2.6255058705970526,7.030928276171469,12
4501X,FUENTE DE CANTOS,602,BADAJOZ,4009,11.08189806678383,22.42169219181521,1.0315263552335747,4.1700850425212606,7.173192812570388,7
4511C,JEREZ DE LOS CABALLEROS,381,BADAJOZ,3983,10.649923391215525,24.19987231869254,1.2579013588324108,3.7963417890520694,6.90799048934183,11
4520X,FREGENAL DE LA SIERRA,586,BADAJOZ,4016,8.516433566433568,22.28711288711289,1.6319489617212908,2.0606295278541094,6.477592341190955,6
4527X,AROCHE,267,HUELVA,4004,8.601776776776775,24.661736736736735,1.5619584272476834,2.072352647352647,6.494428472981862,5
4541X,EL GRANADO,60,HUELVA,4004,12.075075910931174,26.37140688259109,1.0816336884830036,,6.542351264039261,6
4549Y,AYAMONTE,3,HUELVA,4001,13.833691206543968,24.21905128205128,1.1012836647369746,2.297816265060241,5.22701894546473,18
4554X,CARTAYA,15,HUELVA,3995,11.701255335174492,23.408009038413258,1.2744621614781066,2.7194221105527636,5.1931210906208785,8
4560Y,ALAJAR,572,HUELVA,4006,12.217563172379286,23.271778834125595,2.267034943473792,2.862983565107459,6.835434351779605,4
4575X,VALVERDE DEL CAMINO,280,HUELVA,3879,12.075635703165542,24.85915456431535,1.553783924843424,,6.570530123870117,108
4584X,EL CERRO DE ANDÉVALO,270,HUELVA,4018,13.07062062062062,24.931456456456456,1.6810357768326245,,6.448883802404521,10
4589X,"ALOSNO, THARSIS",276,HUELVA,3952,12.41254762509525,23.97503809040122,1.5570182191429307,3.449923973644197,6.217358916878374,16
4608X,EL CAMPILLO,415,HUELVA,3902,12.649548620067064,23.599974213512123,1.7586580645161292,2.673703133025167,6.6016634478414264,20
4622X,VILLARRASA,145,HUELVA,3999,11.537879929665914,25.457322280833964,1.445845921450151,2.4704482844978712,6.2707243685771585,11
4642E,"HUELVA, RONDA ESTE",18,HUELVA,4018,13.110354291417167,25.03498003992016,1.4208367071524965,3.2869815092453774,5.760942572816545,1
5000C,CEUTA,87,CEUTA,4018,16.353424657534248,22.35180572851806,1.7751368840219015,2.94364406779661,4.456514901954344,1
5038Y,CAZORLA,799,JAEN,4018,12.382161887845726,23.278330373001776,1.3464410154305624,,7.949605788341406,49
5047E,BAZA,785,GRANADA,3740,7.635839396389113,23.538453247103206,0.5623615160349854,3.0823095097460134,7.436066388015776,58
5051X,HUÉSCAR,1100,GRANADA,923,6.4975836431226766,21.2546468401487,0.6069182389937107,2.3819975339087542,7.846587189166539,386
5060X,VÉLEZ BLANCO - TOPARES,1190,ALMERIA,4013,8.197075718015666,19.673603133159272,0.8471335992023927,,7.399146617908535,105
5107D,DÓLAR,1197,GRANADA,3199,9.034175615919139,20.94914718888187,0.7832447639887464,3.9250403877221327,7.231364281290024,31
5164B,BAEZA,771,JAEN,3983,11.363805874840358,24.022171136653892,1.2489178617992176,1.8820499745028045,7.867273145071148,35
5165X,TORRES,910,JAEN,4009,10.889954796584632,21.86991461577097,1.196030341340076,,7.724667398068194,16
5181D,ARROYO DEL OJANCO,580,JAEN,3781,10.993355209187857,23.86735028712059,1.2101708489054992,2.0652777777777778,7.6763831026651035,42
5192,VILLARRODRIGO,862,JAEN,2503,11.823576907549455,23.186314089624545,0.9085179714426391,2.678618225134008,7.744807574887534,604
5210X,VILLANUEVA DEL ARZOBISPO,680,JAEN,4016,10.395071335927367,23.924773022049287,1.229610253727439,1.4330499177180471,7.908585585038903,121
5270B,JAÉN,580,JAEN,2192,12.85766590389016,23.125812356979406,1.2459759481961148,2.519925857275255,7.586944318001716,2
5279X,LINARES,515,JAEN,4005,12.860754332313965,23.95685524974516,1.1688389513108617,1.387062404870624,7.8641855155920775,35
5281X,BAILÉN,345,JAEN,3934,12.882757704569606,25.567428267800214,1.086968766001024,1.161776367961935,7.672252166285964,121
5298X,ANDÚJAR,202,JAEN,3894,10.184177545691906,26.249138381201046,1.164043209876543,1.8314677930306231,7.565426825656288,80
5304Y,PUERTOLLANO,665,CIUDAD REAL,3955,10.163641012528766,23.304909230375863,0.9471038530237305,1.9439301972685885,7.915162923251743,39
5341C,FUENCALIENTE,710,CIUDAD REAL,4001,9.176120162932792,22.956720977596742,1.847831600304337,1.4806726907630523,7.1516737311415195,6
5346X,CARDEÑA,720,CORDOBA,3986,10.968399899522732,22.9887716654107,2.087087628865979,,7.353176389635648,16
5361X,MONTORO,155,CORDOBA,3969,10.852927698574339,26.808681262729124,1.2967898089171974,1.4910204081632652,7.559993494648654,14
5390Y,VILLANUEVA DE CÓRDOBA,750,CORDOBA,3931,10.736812627291242,22.294066717596127,1.2950777202072539,2.570759042282221,7.507885590869888,78
5394X,"CÓRDOBA, EMBALSE DE GUADANUÑO",525,CORDOBA,4008,10.53912493677289,23.849114820435002,1.7421277665995976,2.0883266533066136,7.212994799492302,6
5402,CÓRDOBA AEROPUERTO,90,CORDOBA,4018,11.485281602002502,26.472293073268315,1.3741529774127312,2.5203385548256696,7.352312407797587,4
5406X,ALCALÁ LA REAL,908,JAEN,4008,9.948547613033595,21.993811568577925,1.4407684630738524,1.9684526790185275,7.328926153450882,31
5412X,PRIEGO DE CÓRDOBA,550,CORDOBA,3943,10.475038167938932,24.039491094147582,1.0242846094354217,3.07616028404768,7.465083342678226,61
5427X,DOÑA MENCÍA,650,CORDOBA,3901,13.121981505944518,23.459101717305153,1.2622464898595944,2.5366362451108215,7.125907378588796,36
5429X,"CÓRDOBA, PRÁGDENA",275,CORDOBA,4003,12.147778899545685,25.26309944472489,1.1483208020050124,2.4659494620965727,7.492182848373632,17
5459X,ESPIEL,465,CORDOBA,3947,8.963934426229509,24.340775435857406,1.460144553433144,1.4110316649642494,7.167027274433653,66
5470,FUENTE PALMERA,120,CORDOBA,4000,12.675247524752477,25.96042142675806,1.4424411243352746,2.3582832832832836,7.229589116649629,33
5473X,AZUAGA,581,BADAJOZ,4012,10.732559300873907,22.988364544319598,1.0738273453093814,3.0200499375780274,7.350300984980968,4
5514Z,GRANADA BASE AÉREA,695,GRANADA,1874,10.121120000000001,25.619919999999997,0.7904656319290465,3.245021645021645,7.445718647285816,397
5515D,VÍZNAR,1258,GRANADA,3581,10.363173652694611,19.13805389221557,1.5098118668596237,,7.890608062401492,172
5515X,GRANADA-CARTUJA,775,GRANADA,4007,10.846290200050646,24.97323373005824,0.9297549886334934,0.9501517450682851,7.506935465341837,17
5516D,SIERRA NEVADA 'RADIOTELESCOPIO',2856,GRANADA,1619,2.569913151364764,8.387468982630272,,5.27117776152158,7.175531173415242,6
5530E,GRANADA AEROPUERTO,560,GRANADA,4018,8.540114541832668,25.309661354581674,0.9088531187122737,2.502345309381238,7.582506115474486,1
5582A,LOJA,760,GRANADA,3717,11.186300524529468,24.00814563406356,1.1090198268640046,1.9706187050359711,7.497653135963616,302
5598X,BENAMEJÍ,465,CORDOBA,3997,12.34908498370519,23.937938816449346,1.0525364138623807,3.074468085106383,7.11381932905187,7
5612B,LA RODA DE ANDALUCÍA,410,SEVILLA,3867,10.693209549071616,24.587960753115887,1.068086239020495,2.917363684489148,7.063150833727233,70
5612X,LORA DE ESTEPA,450,SEVILLA,4014,12.803400850212554,23.458110472381904,1.288364205583094,,7.007998631000417,6
5624X,AGUILAR DE LA FRONTERA,309,CORDOBA,3954,11.535866261398176,24.96874366767984,1.2128597355457609,2.5232611464968153,7.172368198483226,30
5625X,LA RAMBLA,200,CORDOBA,4002,10.772910372608258,25.896550855991944,1.2706475182665655,2.3791116751269037,7.192567824028644,15
5641X,ÉCIJA,130,SEVILLA,3982,11.997849740932642,26.32082901554404,1.18683393688567,2.2744950802692907,7.121541435876601,29
5654X,LA PUEBLA DE LOS INFANTES,200,SEVILLA,3967,8.933902625541677,25.58679245283019,1.7569936305732483,1.91720457433291,7.0514189527039965,8
5656,FUENTES DE ANDALUCÍA,165,SEVILLA,3986,13.094203641959478,25.646986406770967,1.2848660939868621,3.158018748416519,7.078813537047047,14
5702X,CARMONA,50,SEVILLA,3950,12.569070306464075,26.303991758949266,1.230095091236186,2.85146124523507,6.722788345565291,22
5704B,CAZALLA DE LA SIERRA,550,SEVILLA,3986,9.104577642893272,23.08242286292362,1.8879129321382844,1.702566056910569,6.673505660091888,11
5726X,GUADALCANAL,720,SEVILLA,3995,11.207376636455187,22.23630412890232,1.5793811818412375,2.6809284818067756,7.242583582275671,17
5733X,ALMADÉN DE LA PLATA,450,SEVILLA,3996,11.962525201612902,24.096597782258065,1.6739777889954566,1.6661790668348044,6.850466784041615,11
5769X,CALA,618,HUELVA,4005,10.421118170266835,22.759766319532638,1.797022900763359,1.7614074630603556,6.991108438030474,5
5783,SEVILLA AEROPUERTO,34,SEVILLA,4018,13.394486215538848,26.300300676522173,1.2738169526781071,3.251056869652743,6.751988475604594,8
5788X,"TOMARES, ZAUDÍN",84,SEVILLA,2508,13.573253493013972,26.2573253493014,1.263302381913605,2.1228958915037897,6.4114766004084975,5
5790Y,"SEVILLA, TABLADA",9,SEVILLA,3808,13.410315789473684,26.47765789473684,1.248691514670896,1.8524947478991596,6.383344142319521,4
5796,MORÓN DE LA FRONTERA,87,SEVILLA,4018,12.393499377334996,26.087970112079702,1.2876986160943107,2.076825317717418,6.742556761854493,1
5835X,CARRIÓN DE LOS CÉSPEDES,76,SEVILLA,4014,11.584396099024756,26.108402100525133,1.4473736868434217,2.392924763328351,6.377724761557126,4
5858X,ALMONTE,5,HUELVA,4002,10.978893340010014,25.095868803204805,1.152002014605893,3.3524381095273816,5.512871998019953,6
5860E,"MOGUER, EL ARENOSILLO",41,HUELVA,3932,13.034937888198758,22.844487577639754,1.1602484472049692,2.62212570260603,4.7905129025996915,32
5891X,LAS CABEZAS DE SAN JUAN,105,SEVILLA,4012,12.818455366098295,25.737286860581747,1.3066532764248053,2.301496259351621,6.443292394905675,2
5906X,CHIPIONA,10,CADIZ,4012,13.935975000000001,23.22275,1.1742447129909366,3.2460019990005,5.076115920239508,7
5911A,GRAZALEMA,913,CADIZ,3954,9.916116653875672,20.144256843182397,4.92652799178223,1.6393954787909575,6.691100488492762,21
5919X,OLVERA,530,CADIZ,3995,12.733055134041477,23.98963075366717,1.3137404580152672,2.4822645290581162,6.971502370695321,11
5941X,EL BOSQUE,295,CADIZ,3998,11.958755353993448,24.474275636180398,1.9016468203699013,2.3330913642052566,6.305262294675122,8
5950X,SAN JOSÉ DEL VALLE,105,CADIZ,4001,14.109557167875906,25.03815361521141,1.4979213623841723,2.012725,6.072777347868609,12
5960,JEREZ DE LA FRONTERA AEROPUERTO,27,CADIZ,4018,11.460145108831624,25.906301575393854,1.4692058346839547,3.371660830415208,6.130912399547394,2
5972X,SAN FERNANDO,28,CADIZ,4009,15.80577116935484,23.03039314516129,1.2552242545727887,3.390501253132832,5.208063050035516,5
5973,CÁDIZ,2,CADIZ,4018,16.50461001744331,22.47056331006979,1.279965156794425,4.373068267066767,4.775340347676243,3
5983X,MEDINA SIDONIA,70,CADIZ,3968,13.074253164556962,24.17592405063291,1.2599746514575412,4.644766708701135,5.8672083736342335,13
5995B,VEJER DE LA FRONTERA,186,CADIZ,4013,14.894333417657474,23.0049822964087,1.5952476741262256,3.36156547917712,5.1900925015764,25
5996B,BARBATE,4,CADIZ,4007,14.744522613065326,23.27362471740769,1.263013340308658,4.4974699398797595,5.107319161637668,7
5998X,OSUNA,255,SEVILLA,4000,15.039529058116232,24.90378256513026,1.1066683379293056,3.1486114585939453,6.989661305613609,14
6000A,MELILLA,52,MELILLA,4018,16.5840279510856,23.12952333416521,0.7724324324324324,3.1755290017425937,4.878846866301417,3
6001,TARIFA,45,CADIZ,3963,15.429862174578867,21.096222562531903,1.5494396332144678,6.106675567423231,4.27887842346581,14
6032X,RONDA INSTITUTO,760,MALAGA,4009,11.942610515302121,22.316740779492545,1.4232651023464804,1.9238384955752212,6.869651899613705,32
6040X,CORTES DE LA FRONTERA,315,MALAGA,3977,11.757392405063293,23.58351898734177,2.2280090840272524,0.7572492836676218,5.994223748324241,48
6042I,JIMENA DE LA FRONTERA,42,CADIZ,4012,11.149281934996221,24.470118417737464,1.6091437231624146,2.807765531062124,5.413957397069276,6
6045X,ALPANDEIRE,676,MALAGA,4018,12.813623841723016,23.170874029551715,2.35327358725417,2.039091362955567,6.659838456387334,5
6050X,GAUCÍN,594,MALAGA,3829,12.346729957805907,21.696017932489447,2.0426925091671033,2.144237332633237,6.17393316076711,46
6056X,SAN ROQUE,1,CADIZ,4009,14.398470794685386,23.081198295312106,1.4227225672877846,3.4542614346413396,4.796018548124647,4
6057X,MANILVA,140,MALAGA,4003,15.194879915544998,22.835629453681708,1.4346086521630408,3.6450480894203277,5.126303115076862,81
6058I,ESTEPONA,19,MALAGA,3902,15.548434182590233,23.94546178343949,1.4919936373276774,2.888212239975882,4.814220940024464,65
6069X,BENAHAVÍS,392,MALAGA,3975,13.915335707019329,23.051373346897254,1.7389497833290848,1.6617042860765914,5.702021629030238,20
6076X,"MARBELLA, PUERTO",2,MALAGA,4004,15.801815856777493,21.973478260869562,1.181166666666667,3.3059499999999997,4.190448354782475,65
6083X,MARBELLA,2,MALAGA,3990,16.374378531073447,21.74576271186441,1.0394009216589861,3.9881455100483336,4.218321021480828,184
6088X,TORREMOLINOS,85,MALAGA,4018,15.987336683417084,23.711557788944724,1.1890002505637685,1.626595214356929,5.071749325932833,32
6100B,ANTEQUERA AYUNTAMIENTO (AUTOMÁTICA THIES),515,MALAGA,1773,12.053094274146906,24.034586466165415,1.0510998307952621,,7.0783682709646625,166
6127X,ÁLORA,172,MALAGA,3765,14.026866073834546,25.39822150363783,0.9929978700745473,3.0026737967914436,6.145425727075641,170
6143X,COÍN,230,MALAGA,4018,14.281452626288013,25.870042724302586,1.3654483302655798,,5.950156538229871,7
6155A,MÁLAGA AEROPUERTO,7,MALAGA,4018,15.035118306351183,24.4699203187251,1.1456153651756382,4.00333998005982,5.624347636034539,1
6156X,"MÁLAGA, CENTRO METEOROLÓGICO",54,MALAGA,4018,15.464149504195271,24.85118230358505,1.1556744649079145,2.664818548387097,5.484507264472151,21
6175X,RINCÓN DE LA VICTORIA,7,MALAGA,3991,16.41120020693223,25.664252457320227,0.9913130805925181,,4.999409933667188,84
6199X,VÉLEZ-MÁLAGA,41,MALAGA,1269,15.999512987012984,26.203490259740256,0.8915548539857934,2.4793103448275864,5.33191560918085,18
6201X,ALGARROBO,35,MALAGA,3993,14.328096446700506,23.689923857868017,0.9888596952180766,2.3031305225953043,4.9342533674845015,15
6205X,TORROX,3,MALAGA,3397,15.559070958302852,23.639575713240674,0.6800874537504205,3.106741573033708,4.529451534763342,608
6213X,NERJA,169,MALAGA,4018,15.695503372470649,23.233774668998247,1.121403683424589,1.6757976071784644,4.854130646790506,8
6248D,"CAÑAR, PARQUE NACIONAL SIERRA NEVADA",1732,GRANADA,804,6.52618135376756,16.97586206896552,,3.0177860696517413,6.409293840592429,2
6258X,LANJARÓN,708,GRANADA,4017,9.981724484665662,21.867571644042233,1.1141683266932272,,5.736072784015414,31
6267X,SALOBREÑA,20,GRANADA,4007,13.20883152173913,23.382309782608694,0.9419645088727817,2.398358520062532,4.6365751665265025,80
6268Y,"MOTRIL, PUERTO",3,GRANADA,4018,15.704919210053859,23.650879712746864,0.7497742097340693,2.57355,4.638372108685364,624
6272X,CASTELL DE FERRO,235,GRANADA,4018,15.556519439301772,22.673287490081993,1.034271481942715,2.845328980411853,5.270290544837712,184
6281X,VÁLOR,1020,GRANADA,4018,11.967858954845257,22.758472856418063,1.135890767230169,,6.898540429017734,62
6291B,EL EJIDO,98,ALMERIA,4018,15.818470855412567,25.462452687358066,0.47819810851169736,,5.325852672633579,30
6293X,ROQUETAS DE MAR,3,ALMERIA,3487,14.45616564417178,23.054294478527606,0.31143505021056045,4.24108280254777,5.101301192447874,265
6307C,"LAÚJAR, PARQUE NACIONAL SIERRA NEVADA",1713,ALMERIA,911,9.401428571428571,19.005274725274724,,2.2653128430296374,7.30225297009728,1
6307X,LÁUJAR DE ANDARAX,1510,ALMERIA,3892,9.677469624933966,19.435208663497097,1.2176625427744143,3.4234093959731546,7.017656152849371,46
6312E,"RÁGOL, PARQUE NACIONAL SIERRA NEVADA",601,ALMERIA,902,14.461777777777776,25.02788888888889,0.6861111111111111,2.604212860310421,6.472842007070648,10
6325O,ALMERÍA AEROPUERTO,21,ALMERIA,4018,15.643497757847534,24.199825610363728,0.5426044603947705,4.506807980049875,5.60142499748198,1
6329X,CABO DE GATA,42,ALMERIA,3995,17.64425434116445,22.544841675178752,0.37559626685101966,4.914691109994977,4.843514057333538,46
6340X,GARRUCHA,28,ALMERIA,4016,15.58449293966624,22.729935815147627,0.6245701470221778,4.044829329962073,5.270352752713942,42
6364X,ALBOX,508,ALMERIA,3983,12.923631778058008,25.402572509457755,0.5952697519815904,3.5054183467741935,6.5707223518311375,38
6375X,FUENTE DE PIEDRA,420,MALAGA,4016,10.853704171934261,23.871504424778763,1.0413346613545817,3.3510760760760765,6.909442513829728,31
7002Y,ÁGUILAS,32,MURCIA,4017,15.644416687484386,24.10274245823984,0.6272069825436408,2.516725,5.430446716510995,3
7007Y,MAZARRÓN,66,MURCIA,2796,15.520043103448277,25.166128453534267,0.6969599427753933,3.211880832735104,5.660122421289005,180
7012C,CARTAGENA,17,MURCIA,3831,15.94589817989976,23.27789750328515,0.7208707124010554,1.878337531486146,5.6663822612542205,180
7012D,CARTAGENA,56,MURCIA,3572,13.595312058740468,23.59382576825486,0.9128824024698288,2.6269720101781173,5.716166396276353,31
7023X,FUENTE ÁLAMO DE MURCIA,140,MURCIA,4018,13.689650872817955,24.777780548628428,0.7125566180171112,,6.11821730546489,5
7026X,TORRE-PACHECO,50,MURCIA,4018,13.359101123595504,24.643659510733897,0.8852414136386262,2.062247191011236,5.835023345295024,13
7031X,SAN JAVIER AEROPUERTO,4,MURCIA,4018,14.123121679736908,23.968882175226586,0.871116255144033,4.301,5.762874961272692,11
7066Y,"YESTE, EMBALSE FUENSANTA",680,ALBACETE,3945,9.930929445456911,24.128169747461598,1.0028333766571353,,7.429278022071818,34
7067Y,NERPIO,1485,ALBACETE,2493,4.8938081748280045,18.218373128288146,1.045062474808545,,7.091311559216439,360
7072Y,YESTE,960,ALBACETE,3968,9.715086096119249,21.741814443587764,1.1053713698278078,,7.115990204865588,7
7080X,MORATALLA,955,MURCIA,4018,9.922969606377677,20.58996513944223,1.4862828535669586,,6.876734713370783,2
7096B,HELLÍN,605,ALBACETE,3796,11.100926661371458,22.500900185332274,1.0499599679743794,2.484414556962025,6.867332621552617,6
7103Y,TOBARRA,615,ALBACETE,3958,11.00380296069423,23.51536498213374,0.886733128834356,,7.053736637035743,27
7119B,CARAVACA DE LA CRUZ,643,MURCIA,4013,9.348360242179616,23.56637434227011,1.090427393151712,2.2467123635440465,6.799780961996777,6
7121A,CALASPARRA,350,MURCIA,4012,11.780284502121287,24.48112690102219,1.0266034439730471,2.4257798852008987,6.891299064284884,4
7127X,BULLAS,690,MURCIA,4015,11.425743564108972,22.65866466616654,1.0679320679320679,,6.666522159543565,7
7138B,JUMILLA,485,MURCIA,4018,9.591876401694492,24.03585657370518,0.7525698602794412,2.6437874251497004,7.000306515607495,2
7158X,ARCHENA,150,MURCIA,4018,13.89101347978033,26.0055416874688,0.7948744499093968,,6.346442033072843,1
7178I,MURCIA,62,MURCIA,4018,13.9887506222001,26.270383275261324,0.9066218313502328,2.6123499999999997,6.5321189621273525,0
7195X,"CARAVACA DE LA CRUZ, LOS ROYOS",985,MURCIA,4015,8.05401096163428,20.792549215051086,0.7999744767738642,,6.863523388848602,3
7203A,"LORCA, ZARCILLA DE RAMOS",646,MURCIA,3791,10.182933333333333,23.65087672688629,0.6808070082293604,3.074227078891258,6.696540359143005,11
7209,LORCA,312,MURCIA,3992,12.103551209469892,25.163039591315457,0.6103116883116884,1.2929992250064584,6.625150389618918,36
7211B,PUERTO LUMBRERAS,445,MURCIA,4018,13.568879460943348,24.55882206139256,0.6863718179480587,,6.48401469326073,4
7218Y,TOTANA,281,MURCIA,2440,14.444691358024691,26.36604938271605,0.8099521946979574,2.3055578427336356,6.297749111854668,4
7227X,ALHAMA DE MURCIA,157,MURCIA,4018,12.209447638090477,25.70427072927073,0.9108511697361872,2.5153061224489797,6.594613169609401,10
7237E,MOLINA DE SEGURA,170,MURCIA,4016,12.894814629258518,25.605021234074442,0.8472333000997009,2.967133566783392,6.476027197862868,6
7244X,ORIHUELA,26,ALICANTE,4011,13.523059589384076,25.21619929894842,0.7885024656112122,2.2055889724310775,6.300946891782348,6
7247X,EL PINÓS/PINOSO,577,ALICANTE,3982,8.944568527918781,23.041167512690357,0.9826097930338213,1.7940321743642968,6.656436523063208,26
7250C,ABANILLA,174,MURCIA,4018,12.161205179282868,25.34042341220423,0.821494396014944,,6.12258969029487,1
7261X,ROJALES,31,ALICANTE,3983,14.369077620967742,24.21453766691862,0.8373539867953276,2.878150201612903,5.761339957528193,30
7275C,YECLA,640,MURCIA,4011,9.372910372608256,23.08558897243108,0.8708614232209738,3.0676463200200956,6.926200848885929,8
76,BARCELONA AEROPUERTO,4,BARCELONA,4018,13.874698795180723,21.592116495104193,1.4782953672894803,4.5216933867735465,6.004542103048479,3
8005X,FONTANARS DELS ALFORINS,622,VALENCIA,3134,8.796965825614821,22.522963909294152,1.107053394858273,,6.800193757750854,1
8008Y,VILLENA,486,ALICANTE,3997,7.910912748302741,23.52770932863968,0.7761472785485592,3.440367665575422,6.657673230417079,13
8013X,NOVELDA,233,ALICANTE,4012,13.774157020634123,24.83847508807247,0.8389521640091115,,6.155313643648426,18
8018X,ELX/ELCHE,110,ALICANTE,4005,13.067685699848408,25.58953752843063,0.7820873055694932,,5.849656255226379,16
8019,ALICANTE-ELCHE AEROPUERTO,43,ALICANTE,4018,14.166725131545977,24.173139564019042,1.0002074150894478,3.781588176352705,5.797840561403927,2
8025,ALACANT/ALICANTE,81,ALICANTE,4018,14.246523797657613,24.2267630201844,0.8325209643605869,2.2138673341677095,5.765039125208788,2
8036Y,BENIDORM,36,ALICANTE,3556,14.03253114382786,23.80277463193658,0.8317554240631163,2.0978136562394885,5.717233299961301,449
8050X,JÁVEA/ XÀBIA,15,ALICANTE,3940,13.165123456790123,24.25347222222222,1.4274402907580477,2.9131005513258073,5.834607685226364,57
8057C,PEGO,60,ALICANTE,4001,15.235322135873652,24.632689897217347,2.0582389937106917,2.0242735470941886,6.080080000737046,10
8058X,OLIVA,1,VALENCIA,324,13.364259927797832,21.64476534296029,2.05718954248366,,6.050680245999987,117
8058Y,MIRAMAR,12,VALENCIA,4004,15.368878317476215,23.521882824236354,1.6460853626603822,2.5134460547504025,5.834993577719279,16
8059C,ALCOI/ALCOY,530,ALICANTE,3987,11.711876424411242,22.989009875917954,1.3272081218274114,2.275831429296775,6.620417602728543,29
8072Y,BARX,340,VALENCIA,4008,11.788142493638677,22.91760814249364,3.02936031984008,2.088001002004008,6.29035724988537,8
8096,CUENCA,949,CUENCA,4018,8.233200597312095,21.33464410154306,1.3480283911671924,1.8277252364360377,7.590786191040857,0
8155Y,MOTILLA DEL PALANCAR,830,CUENCA,3778,7.9133082908505505,21.31993560504427,1.1186509002956195,2.7068362480127184,7.669640861531246,86
8175,ALBACETE BASE AÉREA,702,ALBACETE,4018,8.713837730214037,22.341811846689897,0.9929107373868048,3.836507537688442,7.7561739572283,0
8177A,CHINCHILLA,880,ALBACETE,3595,8.204456054087277,20.569821757836507,1.0906712172923778,3.7034869976359337,7.570924308072191,254
8193E,JALANCE,372,VALENCIA,3993,9.53557910673732,23.903229876356296,1.1451385390428213,1.7204488149268786,7.261455790817163,16
8198Y,ALMANSA,710,ALBACETE,3944,8.041117404737385,22.303836251287333,1.0953068592057762,1.7709151159826662,7.025661502957706,29
8203O,ZARRA,856,VALENCIA,3610,10.871564828614009,19.693591654247392,0.9176333430486738,,7.180024596361105,158
8210Y,SALVACAÑETE,1160,CUENCA,3451,4.009328014728445,19.30177968702056,1.453606411398041,2.244947209653092,6.8987576621374584,378
8245Y,MIRA,815,CUENCA,3553,5.075788869764773,21.1903040734366,1.168037703513282,,6.904371933745397,29
8270X,BICORP,305,VALENCIA,4009,11.528156082631982,24.063096148941597,1.4978814627994956,1.8918184085806933,6.369293054791993,9
8283X,ONTINYENT,350,VALENCIA,4018,11.413821544613846,24.289877530617343,1.5938676844783715,1.1618204488778054,6.78835596993535,3
8293X,XÀTIVA,88,VALENCIA,4005,12.817728319263239,25.636326426195957,1.3678043536683688,2.5190023142195943,6.632586040458562,71
8300X,CARCAIXENT,25,VALENCIA,4013,12.23302407221665,25.358550651955866,2.051321695760598,2.3179026217228467,6.357316048217554,6
8309X,UTIEL,758,VALENCIA,3992,7.778018108651912,21.99129778672032,1.0687184661957618,3.570518331226296,7.011704152192766,5
8325X,POLINYÀ DE XÚQUER,11,VALENCIA,3954,13.400053248136317,23.05423322683706,1.546065001343003,1.8877540650406504,5.842222230829112,74
8337X,TURÍS,186,VALENCIA,3988,11.07285495403473,24.204085801838612,1.3884027411702689,,6.078910733025948,56
8354X,ALBARRACÍN,1130,TERUEL,3986,5.599899295065458,19.08081087887182,1.1616822429906544,2.5720040281973815,7.235618001989536,9
8368U,TERUEL,902,TERUEL,4018,6.104504728720757,21.36926331508213,1.0916962025316455,1.9604286070271617,7.429862913590143,0
8376,JABALOYAS,1430,TERUEL,4011,6.833383685800603,15.934491440080564,1.445826021559288,3.7926706827309236,7.34839126766511,19
8381X,ADEMUZ,705,VALENCIA,3997,6.097869674185463,22.370426065162906,1.1267785571142286,,7.163772329643724,17
8395X,CHELVA,515,VALENCIA,3978,10.45652834008097,23.098405870445344,1.194253164556962,2.7796918413740843,6.334433119879721,20
8409X,LLÍRIA,198,VALENCIA,4015,11.365921085699924,24.544935913546116,1.087082294264339,2.6410339660339663,6.200101900836571,9
8414A,VALENCIA AEROPUERTO,56,VALENCIA,4018,12.979322371699054,23.986447433981066,1.3440261437908496,3.7832835077229694,6.204512281630525,2
8416,VALÈNCIA,13,VALENCIA,4018,14.942707814833252,23.577924340467895,1.4111802853437097,,5.608927108234796,0
8439X,SEGORBE,400,CASTELLON,3982,9.829437119675456,22.197718052738338,1.274799274799275,1.8596924628182505,5.897249533604958,14
8446Y,SAGUNT/SAGUNTO,24,VALENCIA,4016,12.612321562734786,23.945154019534186,1.1866598517761306,,5.830168470417462,5
8458X,CEDRILLAS,1380,TERUEL,4015,4.411155477913651,16.54495756365452,1.3910044977511244,3.9348367804634936,6.974919259672337,2
8472A,MONTANEJOS,601,CASTELLON,4017,10.116336757704836,21.308093209721875,1.481699016889337,2.7642178910544732,6.259992046806731,7
8486X,MOSQUERUELA,1515,TERUEL,4015,5.75473631592102,15.754199999999999,1.7733951855566699,4.282488133899575,6.875509842651592,2
8489X,VILLAFRANCA DEL CID/VILAFRANCA,1130,CASTELLON,3980,5.956106774112314,18.007831780407955,1.7439793422125578,3.710938310005184,6.544772507274163,21
8492X,ATZENETA DEL MAESTRAT,420,CASTELLON,3973,9.048963075366716,23.23216995447648,1.551397632838076,2.218767365496337,6.354544214511141,10
8500A,CASTELLÓ - ALMASSORA,43,CASTELLON,4018,14.224589347934295,23.344112521782424,1.403811777076761,2.2721945137157107,5.853082899431874,1
8503Y,TORREBLANCA,35,CASTELLON,3969,14.13278313864906,22.523641442356528,1.3860970677451971,2.8858915906788245,5.584284677884543,27
8520X,LA POBLA DE BENIFASSÀ-FREDES,1165,CASTELLON,3944,7.373911853271284,15.763098822885299,2.134096168680895,3.8729908443540184,6.554783079485952,216
9001D,REINOSA,870,CANTABRIA,3931,4.140853499869894,16.319151704397605,1.8504197271773348,2.7474863245636882,5.799645607086284,11
9001S,ALTO CAMPOO,1650,CANTABRIA,3606,3.7303556187766715,11.433513513513514,3.4865058087578196,3.1865560640732262,5.963804369546405,37
9012E,SANTA GADEA DE ALFOZ,915,BURGOS,3983,6.217101958814666,15.12954773869347,1.893040201005025,,6.045514893803389,26
9016X,"VALDERREDIBLE, CUBILLO DE EBRO",770,CANTABRIA,4006,4.704043194374686,18.31815670517328,1.5535116220944762,2.3200250941028857,6.271936818006213,9
9019B,"VALDERREDIBLE, POLIENTES",720,CANTABRIA,3969,5.18303752535497,18.959432048681542,1.669609079445145,1.6737216993131518,6.230223060115078,11
9031C,BRIVIESCA,730,BURGOS,4018,6.333099824868651,18.015325193122347,1.2791381495564005,3.1711283462596946,6.488027690478772,21
9060X,LALASTRA,910,ARABA/ALAVA,3944,5.242999234889059,16.432032644733486,2.065794819705434,2.0404737646459505,6.196776160126852,14
9069C,MIRANDA DE EBRO,460,BURGOS,3998,7.315369211514393,20.877541311967953,1.3998138792874237,1.955369211514393,6.562644855931494,12
9073X,"AGURAIN/SALVATIERRA, OPAKUA",660,ARABA/ALAVA,4001,7.275375375375376,17.43255755755756,2.449337665583604,2.6683537960410924,6.346049049905002,9
9091R,VITORIA-GASTEIZ AEROPUERTO,513,ARABA/ALAVA,4018,6.336318283861313,18.993840399002494,2.0002437703141926,3.3571286141575274,6.231388609833333,2
9111,BELORADO,820,BURGOS,3646,6.271609514983009,17.215873996294007,1.2433583959899748,2.233751175180194,6.442493648123287,258
9115X,VALDEZCARAY,1630,LA RIOJA,3996,4.5255873340143005,11.818105209397343,2.7119223895838647,3.216835443037975,6.836909011797363,74
9121X,HARO,465,LA RIOJA,3924,8.295531154239018,19.47655771195097,1.3154886450625158,,6.646809681734961,86
9122I,LABASTIDA,612,ARABA/ALAVA,3995,8.092995229726336,19.04612101431082,1.6791813159216473,2.257200504413619,6.596589868426128,12
9136X,"ANGUIANO, VALVANERA",1006,LA RIOJA,4013,5.82002997002997,16.437012987012988,2.3730491149339317,,6.479607900546512,7
9141V,NÁJERA,500,LA RIOJA,4018,7.9689465801298045,20.07883175237144,1.2011961126339397,1.847174508339557,6.753162913050406,3
9145X,LEZA,575,ARABA/ALAVA,4018,7.943462017434621,18.6880697384807,1.9019417475728155,,6.564398464567691,1
9145Y,CENICERO,429,LA RIOJA,4007,8.973019057171514,19.893488605058852,1.3053439018153925,2.4537615596100975,6.865717023268243,6
9170,"LOGROÑO, AEROPUERTO",353,LA RIOJA,4017,8.688481675392671,20.791081215744892,1.2834310069259456,2.8957153595590075,6.87115807974063,2
9171K,LOS ARCOS,470,NAVARRA,4006,8.502754131196795,20.657486229344016,1.3642659279778393,2.6285964035964033,6.841468641884124,6
9178X,CAMPEZO/KANPEZU,570,ARABA/ALAVA,3991,7.138314465408806,18.71242767295597,2.1176070528967252,,6.66587196017901,18
9188,ENCISO,855,LA RIOJA,3937,6.352547606793618,18.293504492939668,1.2189500640204864,3.452592592592593,6.455683055660214,33
9198X,CANFRANC,1197,HUESCA,4015,5.22002493765586,15.70009975062344,4.715328282828282,1.1034663341645885,6.788909906680565,4
9207,"VALLE DE HECHO, HECHO",860,HUESCA,3990,5.324466750313676,18.482308657465495,3.003344229318582,2.2039136979427996,6.677296684171646,22
9208E,ARAGÜÉS DEL PUERTO,1025,HUESCA,3949,7.096406727828746,18.273973999490185,3.0443138257091746,2.4506105834464043,6.975676280269578,21
9211F,"BAILO, PUYALTO",722,HUESCA,4010,7.638255872063968,19.147152847152846,1.948375812093953,3.405717852684145,7.104517149561141,4
9218A,ISABA/IZABA,838,NAVARRA,4007,4.671871096677492,18.56754122938531,3.5424356089022258,2.5124843945068664,6.552515544666434,3
9228J,OROZ-BETELU/OROTZ-BETELU,635,NAVARRA,3991,6.522995727569741,18.163928661140417,3.171331658291457,3.0590007532011048,6.536423563620227,12
9238X,NAVASCUÉS/NABASKOZE,612,NAVARRA,4006,5.010654299323138,19.80260586319218,2.3985044359949304,,7.038253088643447,5
9244X,SOS DEL REY CATÓLICO,626,ZARAGOZA,3977,8.201301684532924,19.340250127616134,1.6450832072617245,2.612776225552451,6.994426714844355,15
9245X,CÁSEDA,440,NAVARRA,3972,8.356390787142495,20.589621212121216,1.5956675956422601,2.46677614957049,7.3192820753747085,5
9252X,OLITE/ERRIBERRI,390,NAVARRA,4018,8.685653373463756,19.84578524836929,1.4300749999999998,2.9058926342072406,6.909672542157606,7
9257X,"ESTERIBAR, EMBALSE DE EUGI",615,NAVARRA,4010,6.593651191969887,17.17475533249686,3.7167459324155194,,6.378454773949665,5
9262P,MONREAL/ELO,585,NAVARRA,3988,7.58183879093199,18.461193653991437,2.0483185840707967,4.923516096579477,6.730670566284829,14
9263D,"PAMPLONA, AEROPUERTO",459,NAVARRA,4018,7.625276938569989,19.811858006042296,2.150415368639668,3.5764927245358757,6.9261316484961695,28
9263X,"ARANGUREN, ILUNDAIN",572,NAVARRA,3879,7.4841552990556135,18.421353620146903,2.158067071560602,1.9059403372243837,6.572756277419747,76
9274X,IRURTZUN,432,NAVARRA,4010,8.249310949636682,19.07208312468703,3.2873303167420813,1.9278901373283395,6.429902051753944,7
9280B,LARRAGA,375,NAVARRA,3951,8.176428571428572,20.110779816513762,1.2092024539877302,3.7379125095932464,6.90941228193535,6
9287A,SAN PEDRO MANRIQUE,1096,SORIA,3974,3.933695927143942,16.924658918645783,1.3217832076943072,2.634906386252885,6.213218480874856,14
9293X,"ALFARO, LA PLANA",371,LA RIOJA,1768,10.202037351443124,21.143916242218452,1.0619128466327108,3.9134049773755653,7.14345054213845,2
9294E,"BARDENAS REALES, BASE AÉREA",295,NAVARRA,3962,9.607007033081532,21.667647824954418,1.040949479563341,4.760634758126439,7.346298423633285,109
9299X,TARAZONA,475,ZARAGOZA,4011,9.066350237322009,20.24056415376935,1.0486405587428287,2.743809286070894,6.798486110596631,3
9301X,MONTEAGUDO,410,NAVARRA,3999,9.091135107985938,20.545328980411853,1.002874432677761,,6.866349106049329,8
9302Y,TUDELA,297,NAVARRA,3999,10.206180904522613,20.97735707121364,1.0056140350877194,2.2846925972396486,7.205899382210183,4
9336D,CASTEJON DE VALDEJASA,543,ZARAGOZA,3971,8.868378240976105,19.98889453621347,1.1654795217501908,4.290416141235814,7.2012079862100284,31
9344C,ARCOS DE JALÓN,863,SORIA,3903,6.691095534787123,20.08765463917526,1.0558423913043478,3.276183047321893,7.409199813392122,12
9352A,ALMAZUL,1000,SORIA,4007,5.8923519120219945,18.776592555583317,1.0859458090655862,4.579639368895568,7.231673047349807,4
9354X,ALHAMA DE ARAGON,703,ZARAGOZA,4013,6.787788365095286,21.786136876410126,1.0349725411882178,,7.4610105287387745,6
9374X,SANTA EULALIA DEL CAMPO,1000,TERUEL,3989,5.410620585267407,19.999472361809044,0.9110662969498361,3.335883241066935,7.391959691199964,4
9377Y,EL PEDREGAL,1185,GUADALAJARA,3714,5.304258896049314,18.878117119641356,1.0229718656104891,3.0738962472406177,7.182960181459069,144
9381I,CALAMOCHA,884,TERUEL,4018,5.830786460925833,20.408486809357886,1.2422538999462076,2.4172516803584765,7.411516265853952,0
9390,DAROCA,774,ZARAGOZA,4018,6.7704828272772515,20.689771030363364,1.2205555555555558,1.7295245207866567,7.444642466481521,0
9394X,CALATAYUD,582,ZARAGOZA,3996,7.880959557900025,21.62997487437186,1.00816120906801,2.7347858942065493,7.425996725051572,4
9427X,LA ALMUNIA DE DOÑA GODINA,370,ZARAGOZA,3972,9.319393173198483,22.200126422250317,0.9997978777160181,2.3316826680141483,6.96716451165406,29
9434,"ZARAGOZA, AEROPUERTO",249,ZARAGOZA,4018,11.223120955699352,22.317770034843207,0.9914186108876374,4.519118745332338,7.516011015612111,0
9434P,"ZARAGOZA, VALDESPARTERA",258,ZARAGOZA,4006,11.252451225612806,22.456325,0.9504380475594493,3.4277262471797445,7.527319253848683,4
9436X,FONFRÍA,1255,TERUEL,4013,6.4513607990012485,16.8001497005988,1.514167916041979,4.012983770287141,7.246886032553008,5
9445L,"FORMIGAL, SARRIOS",1800,HUESCA,1669,4.437857577601948,11.63355623100304,4.790599876314162,,6.7296985624126435,29
9451F,"PANTICOSA, PETROSOS",1850,HUESCA,2207,4.652473899228325,11.373705722070845,3.7432842686292545,3.0864754098360656,6.676646905554531,9
9453X,"BIESCAS, EMBALSE DE BÚBAL",1100,HUESCA,4016,4.643406593406594,16.72012484394507,3.8641978408235005,0.9166625093539535,6.490478598329936,2
9460X,SABIÑÁNIGO,775,HUESCA,4012,5.464026979765176,20.05927036481759,2.1274912368552825,1.5598154153155401,7.3018817718710265,6
9491X,ALMUDÉVAR,390,HUESCA,4002,8.51955756661639,21.14249121044701,1.1596932361076189,3.297195793690536,7.300034088416737,9
9495Y,LECIÑENA,405,ZARAGOZA,4003,8.235672955974842,22.058456527186166,0.9749749247743229,2.7671518193224593,7.580025527575931,10
9501X,VALMADRID,535,ZARAGOZA,3982,9.384320645323923,21.028535417191833,1.0400454201362606,4.31976861167002,7.113711207016457,6
9510X,QUINTO,205,ZARAGOZA,3996,10.157874905802561,22.863796133567664,0.7855050505050506,3.3608575727181544,7.754798085877026,13
9513X,MUNIESA,800,TERUEL,4010,8.344616537596803,19.732500624531603,1.0592294132460336,3.2885421867199205,7.010170013775772,8
9531Y,MONTALBÁN,895,TERUEL,4011,6.947627372627372,20.055894105894104,1.2993498374593648,1.448886664998749,7.166852720176024,6
9546B,HIJAR,305,TERUEL,4006,10.698672012027059,23.291731395640188,0.8561465127947817,2.5628999999999995,7.520767640312907,6
9550C,"ANDORRA, HORCALLANA",762,TERUEL,3991,9.44877802973041,19.495448830776965,0.9232070707070708,5.304828973843058,7.109702614460761,5
9561X,CASTELLOTE,755,TERUEL,3981,10.023178471693324,20.878116273165777,1.206343567622431,2.6395939086294415,6.994308567311055,12
9562X,MORELLA,990,CASTELLON,3507,8.97561534058386,18.21691471093303,1.6596681922196799,3.533257142857143,6.853777053456507,20
9563X,CASTELLFORT,1220,CASTELLON,3987,8.004994929006084,16.1322261663286,1.5367045154475838,,6.755690817585872,10
9569A,CALANDA,466,TERUEL,3998,10.579253319969933,21.968654472563266,0.8666331910620136,3.06106987458408,7.392767522440647,5
9574B,"CASPE, PLANA DEL PILÓN",215,ZARAGOZA,2753,11.460080058224165,22.881804949053855,0.8739736070381231,4.614061930783242,7.716558181621078,4
9585,LA MOLINA,1699,GIRONA,3982,3.3885208596713023,13.408394437420986,2.494326603628929,2.2055958549222794,6.658456984709251,7
9590,MARTINET,1038,LLEIDA,4005,3.3556698444555946,19.914174611138986,1.7882582660765427,1.7049962528103924,7.072757579639503,13
9590D,CAP DE REC,1940,LLEIDA,2594,2.2684210526315787,11.504412546517809,,1.5735256682223167,6.339761440187328,33
9632X,TUIXENT,1196,LLEIDA,3960,4.609770559422532,17.576798143851505,2.501290322580645,1.600965201930404,6.490520103803818,13
9638D,COLL DE NARGÓ,609,LLEIDA,3982,6.7308752232712425,21.460321510589438,1.8534047436878345,3.7136134876698543,7.364520021766209,35
9647X,TORÀ,435,LLEIDA,4009,6.401128385155467,21.046765295887663,1.1428033157498116,,7.822441408163605,10
9650X,ARTESA DE SEGRE,400,LLEIDA,4018,7.576709935097354,21.34478282576136,1.0841506572295248,,8.078186670064177,3
9657X,ESTERRI D'ÀNEU,952,LLEIDA,3827,3.4826127239036446,17.7395923409512,1.6588193708024035,1.3225645076355979,6.473017547849899,174
9677,PORT AINÉ,2410,LLEIDA,2079,0.5532644178454843,6.272361262241566,,5.219701646090535,6.911483649044119,15
9689X,TORRE DE CABDELLA,1273,LLEIDA,3977,5.473716164938021,16.69150012648621,3.2911152614727857,,6.3923306026525015,5
9698U,TALARN,807,LLEIDA,3938,7.963633952254642,20.325649867374008,1.6826042202779208,2.376605033384694,7.437225130108298,150
9707,LLIMIANA,515,LLEIDA,3867,7.567195347607718,22.27673803859371,1.6261562581656648,1.8712425110705913,7.935039769272311,76
9718X,TORDERA - GRANYANELLA,463,LLEIDA,3194,9.519307716735472,20.588377262623055,0.9341933376877858,3.466766109785203,7.768022043935463,707
9724X,OS DE BALAGUER,520,LLEIDA,3770,8.028621338349906,20.920854608976082,1.1132816675574557,2.6398988554697893,7.746867447998176,35
9726E,LLORAC,657,TARRAGONA,4013,5.362309040821437,19.01079388930629,1.1862975951903807,3.447258225324028,7.019039770020673,10
9729X,MOLLERUSSA,252,LLEIDA,3930,9.443360995850622,22.163303941908712,0.9426861009890682,2.059320735444331,7.771545823392864,25
9744B,VALL DE BOÍ,1089,LLEIDA,3903,3.5247043701799488,18.588280647648418,2.5772245762711865,1.5636554071746531,6.4321267724341125,77
9751,SOPEIRA,760,HUESCA,3938,7.833350331463539,20.24952866242038,2.131569529652352,3.6347416645456865,6.961885385015955,49
9756X,BENABARRE,765,HUESCA,4011,7.31715,19.410147463134216,1.5843029087261784,2.630920888445221,7.125846097001312,4
9771C,LLEIDA,186,LLEIDA,4018,9.906669985067198,22.675908412145343,1.014387308533917,2.4186660029865608,7.945685944706267,0
9772X,LA POBLA DE CÉRVOLES,673,LLEIDA,4011,9.440769422932801,20.0860104921309,1.2646103896103895,,7.2387256878085955,7
9775X,EL SOLERÀS,392,LLEIDA,4011,9.58687907676869,21.643652784746614,1.0022533800701052,,7.683031320824598,6
9784P,BIELSA,992,HUESCA,3955,5.06431829700963,18.711333671399593,3.669071094966269,1.6267005076142134,6.630795204698776,33
9808X,"AÍNSA-SOBRARBE, LA SERRETA",610,HUESCA,3996,7.557942283563362,20.809387550200803,2.2020316027088036,2.6102944877925998,7.343863018450829,7
9814I,"TORLA-ORDESA, EL CEBOLLAR",1905,HUESCA,2239,3.9321268990169798,11.15201072386059,3.5506899724011034,2.9299640610961366,6.575146791070032,1
9814X,TORLA - ORDESA,1076,HUESCA,3517,6.419568345323741,21.160604316546763,3.7014642549526267,1.742018244013683,7.18057831237299,37
9839V,"CERLER, COGULLA",2374,HUESCA,2240,1.5335714285714286,7.970580357142858,2.378338687471317,3.5016562220232768,6.499646896498185,0
9843A,SEIRA,825,HUESCA,4017,5.750698951572641,19.587066167290885,2.8033626097867006,1.025280199252802,6.959416628825266,2
9855E,"CAPELLA, LAGUARRES",600,HUESCA,4008,6.6462443665498245,20.3459324155194,1.7633541927409262,1.94751312171957,7.509776722160271,4
9866C,BARBASTRO,305,HUESCA,4016,7.818122653316645,22.42191095547774,1.261120884644383,1.3870887337986042,7.620829785363649,4
9894Y,SARIÑENA,300,HUESCA,3999,9.180261503645964,21.77566616390146,0.9917670682730925,2.5384789156626506,7.574996687745587,10
9898,"HUESCA, AEROPUERTO",546,HUESCA,4018,9.115978098556496,20.841388750622205,1.3394023803494557,2.5545772886443223,7.554055941699602,0
9901X,HUESCA,463,HUESCA,4011,9.591591591591591,21.0448224112056,1.2816972131559126,,7.614511223918227,5
9908X,LANAJA,380,HUESCA,4000,9.771726041144005,20.893408521303254,0.9513154597845151,3.736518685728618,7.360272634029217,5
9911X,BALLOBAR,178,HUESCA,3995,9.750628772635816,22.247236180904522,0.8873115577889448,2.903243650993211,7.7022660459069545,7
9918Y,"TAMARITE DE LITERA, LA MELUSA",218,HUESCA,4005,8.053811206461383,22.142240726722175,0.9472918756268807,1.989568706118355,7.700323802783453,18
9924X,FRAGA,170,HUESCA,3998,10.875641025641025,22.869522613065325,0.9094277791782203,2.7471076458752517,7.778719654036092,6
9935X,VALDERROBRES,483,TERUEL,4016,7.338997005988024,21.033923671738588,1.3697075731067234,1.913160518444666,7.097534554139845,2
9946X,HORTA DE SANT JOAN,495,TARRAGONA,3729,10.134468775344688,21.13319816166532,1.4823208934895122,,6.940158787981519,259
9947X,LA POBLA DE MASSALUCA,370,TARRAGONA,4007,11.14435524335173,21.345960863020572,0.9419617834394904,3.6712462462462465,7.327475275960394,8
9961X,CABACÉS,363,TARRAGONA,4013,10.973806548362909,22.354636340914773,1.155483224837256,1.518225119077463,7.185086047214279,7
9975X,RASQUERA,112,TARRAGONA,3804,10.94210667381399,22.238488340927365,1.1942002118644066,2.9846908199400706,6.852430116394337,152
9981A,ESTACIÓN DE TORTOSA (ROQUETES),50,TARRAGONA,4018,13.158088601294175,24.75806371329019,1.4884325448401352,2.891835205992509,6.548167158980555,0
9988B,CAP DE VAQUÈIRA,2467,LLEIDA,2470,0.16086956521739135,6.399629972247919,,4.165305280528053,7.010648028116711,861
9990X,"NAUT ARAN, ARTIES",1161,LLEIDA,3631,4.110558112773303,16.494418872266973,2.456096020214782,1.038281020827222,7.207337981336125,126
9994X,BOSSÒST,722,LLEIDA,3358,5.762176788935658,17.827720986169574,2.396659850034083,1.5895366218236173,6.3735642465575815,147
9995Y,VALCARLOS/LUZAIDE,334,NAVARRA,3973,9.307892082702978,18.63103883005547,4.332657200811359,1.8323507180650036,5.6719273077837675,14
9998X,BELLO,1006,TERUEL,3944,4.518821096173734,18.87662371134021,0.9658756770698994,3.422046035805627,7.279094287285437,5
B013X,"ESCORCA, LLUC",490,ILLES BALEARS,4008,9.212263913371945,20.7641651976832,3.012655971479501,0.8770383540767082,6.282778911236087,4
B051A,"SÓLLER, PUERTO",5,BALEARES,1983,15.647251638930912,22.404034291477558,1.4398785425101213,2.8566599394550956,5.625951496181904,0
B087X,BANYALBUFAR,60,ILLES BALEARS,4010,15.736235175372192,21.75866767600303,1.4110722319420144,2.6991250000000004,5.533930593707311,5
B103B,ANDRATX - SANT ELM,52,BALEARES,2747,13.297273397199707,23.10593001841621,1.091874084919473,0.8510980966325036,5.875937134610192,12
B158X,"CALVIÀ, ES CAPDELLÀ",50,BALEARES,3977,12.087856415478615,23.691880885721556,1.2288753799392098,2.12818366311517,5.769461872034069,18
B228,"PALMA, PUERTO",3,BALEARES,4018,15.738244826726504,23.346498878644407,1.267256189994947,1.9530012453300123,5.7497034572640064,1
B236C,"PALMA, UNIVERSITAT",95,ILLES BALEARS,4012,10.517452229299362,23.997171253822632,1.4404542051410034,1.9427031093279838,6.155557346761035,6
B248,"SIERRA DE ALFABIA, BUNYOLA",1030,ILLES BALEARS,3990,10.223988662715795,16.660319505282143,2.1941981251583482,5.125403632694248,6.859239304430504,52
B275E,"SON BONET, AEROPUERTO",47,BALEARES,1634,14.458240396530359,24.00861748295102,0.988130381303813,3.0773374613003095,6.253317378043192,8
B278,"PALMA DE MALLORCA, AEROPUERTO",5,BALEARES,4018,12.027327028372325,23.485988053758092,1.2768409526416644,3.890057313730376,6.205849721313603,0
B301,"LLUCMAJOR, CAP BLANC",113,BALEARES,4011,14.454961065059031,23.07656367746797,1.015980024968789,3.549887246304184,5.618463487891746,6
B334X,LLUCMAJOR,140,BALEARES,4010,13.04680583501006,23.671403420523138,1.187881822734101,,6.400876767536534,6
B362X,"CAMPOS, CAN SION",40,ILLES BALEARS,4013,10.42634865134865,23.69213286713287,1.2545955421988482,2.342732049036777,6.182264250811715,3
B373X,"CAMPOS, SALINES LLEVANT",3,BALEARES,4008,11.72279504675259,22.753486609398685,1.0977249999999998,3.3006789036962534,6.153713640703721,6
B398A,"CABRERA, PARQUE NACIONAL DE CABRERA",165,BALEARES,2157,15.944403158383652,21.003621169916435,0.9230244457077884,5.416759517177344,5.303833731750269,1283
B410B,SANTANYÍ,45,BALEARES,3881,14.302030869212022,22.779014351475762,1.118098076402059,2.9115813648293964,5.670123244949622,75
B434X,PORTOCOLOM,17,ILLES BALEARS,3847,15.004338679989482,22.439889560873,1.4286538966150617,3.6399235390497,5.450748218033011,54
B496X,SON SERVERA,25,ILLES BALEARS,4003,12.973599192327105,22.870519939424533,1.4969421278746524,2.7332411365350766,5.465865340070227,8
B526X,ARTÀ,110,ILLES BALEARS,4013,12.135453179769655,22.942638958437655,1.7771947527749747,,5.774264181212644,5
B569X,CAPDEPERA,57,BALEARES,3810,16.726951319010062,22.702501359434475,1.2390257104194857,4.657296715131933,5.476745456865887,54
B603X,ARTÀ-COLÒNIA DE SANT PERE,99,ILLES BALEARS,3980,14.798539959016393,22.646043533930854,1.802171691364333,,5.863470831534804,16
B605X,"MURO, S'ALBUFERA",2,ILLES BALEARS,4010,12.227629592350278,22.900906116284926,1.5941470735367682,1.8280440414507773,5.7352739723822515,6
B614E,MANACOR,100,ILLES BALEARS,4014,12.243732730469732,22.983195177091183,1.2777243994943108,2.512994491737606,6.040432660178935,3
B640X,PETRA,95,BALEARES,1751,12.280977011494254,24.027225732337733,1.3988558352402745,2.8638236977676015,6.219466482297674,32
B644B,SINEU,120,ILLES BALEARS,4003,12.133796764408494,23.102906976744187,1.3773513920240783,2.3671267252195736,6.297217894310788,5
B656A,SANTA MARÍA DEL CAMÍ,121,BALEARES,3801,11.810195227765727,23.616364128962342,1.2886183165696135,2.646772908366534,6.271766963312964,100
B662X,BINISSALEM,105,ILLES BALEARS,3987,11.474712643678162,23.79246680286006,1.2175165731769504,2.9350974930362117,6.424226976023681,12
B684A,"ESCORCA, SON TORRELLA",842,ILLES BALEARS,3997,7.2822363405336725,18.21814946619217,3.3592233009708736,,6.237704186267614,8
B691Y,SA POBLA,32,BALEARES,3968,12.036526181353768,23.891117917304747,1.4683082418984432,2.717040125065138,6.111604167832997,10
B760X,POLLENÇA,45,ILLES BALEARS,3992,12.696758673081792,24.00070904026336,2.1553068410462775,1.7458385717877798,5.970708318677802,11
B780X,PORT DE POLLENÇA,2,BALEARES,4008,13.372720326031585,23.763881813550686,1.7568818818818819,1.9084129032258066,5.668276206611083,50
B800X,"LA MOLA, MAÓ",78,ILLES BALEARS,3836,15.601392301392302,21.974160982264664,0.9268656716417912,8.161764705882353,5.426910778973993,32
B825B,ES MERCADAL,80,ILLES BALEARS,4011,14.368454179254783,21.750629405840886,1.6944513871532116,3.911857214178732,5.738625805650662,10
B860X,CIUTADELLA,20,ILLES BALEARS,3989,14.161976123952249,22.66652273304547,1.4650223038572554,,5.848328126100515,26
B870C,"CIUTADELLA, CALA GALDANA",43,BALEARES,3780,12.286416861826698,22.70286633518573,1.3347710487444608,2.104351880634131,5.814972728313672,305
B893,"MENORCA, AEROPUERTO",91,BALEARES,4018,13.481670822942643,21.997206982543638,1.6621052631578948,4.636331921255918,5.797739249699505,2
B908X,SANT JOAN DE LABRITJA,110,ILLES BALEARS,3897,11.261909704203424,23.474961079398028,1.374491110538521,,6.017101125600589,50
B925,SANT ANTONI DE PORTMANY,32,BALEARES,2569,13.006037884767167,23.848072383949646,1.12936320754717,1.8270800627943484,6.05823441353454,10
B954,"IBIZA, AEROPUERTO",6,ILLES BALEARS,4018,14.211052894211576,22.592939121756487,1.1993980848153216,4.005089820359282,5.742816560280664,2
B957,EIVISSA,3,BALEARES,3855,13.620827875294733,23.649842931937172,1.0558553386911596,2.4282964039229933,5.803832681888571,8
B986,FORMENTERA,24,BALEARES,3841,15.147798238590873,24.01309682582022,0.8760722347629797,2.8479097744360904,5.691913582863015,58
C018J,TÍAS,376,LAS PALMAS,4011,15.333041082164328,22.707890781563126,0.38939165409753645,6.101895261845387,3.228482302874518,2
C019V,YAIZA PLAYA BLANCA,6,LAS PALMAS,4003,18.33028383172833,24.055676634566648,0.1607379134860051,4.220416875941739,2.784827646044955,28
C038N,HARÍA,277,LAS PALMAS,4012,16.095155622489962,22.345833333333335,0.3069493226292022,5.181427858212681,3.1113559108534576,4
C048W,TINAJO,275,LAS PALMAS,3985,16.107647505697646,21.8437072676627,0.2525621511922882,5.594798994974874,2.864489207717634,6
C101A,ROQUE DE LOS MUCHACHOS,2223,SANTA CRUZ DE TENERIFE,2210,8.33266696955929,15.71026805997274,1.5777475022706628,4.718399264029438,5.641532010446235,32
C117A,PUNTAGORDA,684,STA. CRUZ DE TENERIFE,4014,13.583503868230595,21.266042914171653,0.9772681954137585,2.499227125405136,4.11799319916684,4
C117Z,TIJARAFE,733,STA. CRUZ DE TENERIFE,3961,14.167551697727854,21.4807390534042,0.5994944388270981,1.879862700228833,4.063260197097865,47
C129V,FUENCALIENTE,19,STA. CRUZ DE TENERIFE,4015,19.22773172569706,24.5983421250942,0.4242978936810431,6.4376999999999995,2.3495110048009513,5
C139E,LA PALMA AEROPUERTO,33,SANTA CRUZ DE TENERIFE,4018,18.807731305449938,23.724854319736508,0.6881670533642692,5.338500251635632,2.432156448406539,55
C148F,SAN ANDRÉS Y SAUCES,362,STA. CRUZ DE TENERIFE,3968,15.696671709531014,21.84606656580938,1.8466684155299056,2.8331975560081464,2.833597304118535,49
C229J,PÁJARA,15,LAS PALMAS,3904,19.159006867406234,25.369941891178026,0.15237971391417424,3.163247639034627,3.1156286459775586,19
C239N,"TUINEJE,PUERTO GRAN TARAJAL",1,LAS PALMAS,3985,18.36654021244309,25.465098634294385,0.1315548780487805,4.184677216779704,3.307574095924513,5
C248E,ANTIGUA,252,LAS PALMAS,3949,15.608163265306123,23.929984301412873,0.24013569937369522,5.434274809160304,3.337160473481693,33
C249I,FUERTEVENTURA AEROPUERTO,25,LAS PALMAS,4018,18.565228299046662,24.675965880582037,0.17430679216484357,6.124430538172716,2.8670741542350315,3
C258K,LA OLIVA,217,LAS PALMAS,4010,16.094532229746676,23.548883872585904,0.24678714859437753,3.93681716138688,3.133144138451342,3
C314Z,"VALLEHERMOSO, ALTO IGUALERO",1474,STA. CRUZ DE TENERIFE,3894,10.420515490757614,17.70832682799896,1.2326334888543287,6.972888774459321,6.070185753206416,60
C316I,ARURE,916,STA. CRUZ DE TENERIFE,2704,13.140281377267678,21.005401405845358,1.0336542164035425,5.647629629629629,4.926233754189775,1
C317B,AGULO,765,STA. CRUZ DE TENERIFE,4008,13.296562107904643,20.335558343789213,1.0917407878017789,2.033095541401274,3.6683717985341175,5
C319W,"VALLEHERMOSO, DAMA",190,STA. CRUZ DE TENERIFE,4017,16.633308345827086,26.085657171414294,0.2746759720837488,2.414853713428357,2.7948900806921464,11
C328W,HERMIGUA,252,STA. CRUZ DE TENERIFE,3954,16.187749936724877,22.246165527714503,0.7353588122078636,2.0703291139240503,2.701755149936973,37
C329Z,SAN SEBASTIÁN DE LA GOMERA,15,STA. CRUZ DE TENERIFE,4012,19.597332297332294,24.98090178802799,0.26497332994665984,3.429602615694165,2.8497793855884557,132
C406G,"LA OROTAVA, CAÑADAS TEIDE",2150,STA. CRUZ DE TENERIFE,3949,6.218449334698055,19.230151011005887,0.504313625983253,3.9770474967907576,5.276223399703699,27
C419L,LOMO DEL BALO,403,SANTA CRUZ DE TENERIFE,2477,16.423073803730738,24.237925445705024,0.35317428224828146,2.4810547667342795,3.162190162868547,180
C419X,ADEJE,130,SANTA CRUZ DE TENERIFE,4017,17.538421184111918,25.62358231326505,0.2410665337652629,1.769918699186992,2.64880092142947,2
C428T,ARICO,418,SANTA CRUZ DE TENERIFE,4018,15.288266068759341,23.318261086198305,0.5228753180661578,3.9179736121483693,3.2191685925041083,1
C429I,TENERIFE SUR AEROPUERTO,64,SANTA CRUZ DE TENERIFE,4018,18.210140210315473,26.060600750938672,0.23384499245093104,6.249836888331242,2.9386171822318916,2
C430E,IZAÑA,2369,SANTA CRUZ DE TENERIFE,4018,7.00191637630662,14.889422598307615,0.6696352201257862,7.00564681724846,5.886676874021043,0
C438N,CANDELARIA,463,SANTA CRUZ DE TENERIFE,4018,14.743562874251497,22.618043424007986,0.6659788626069452,2.968505116046918,3.6193876144040917,7
C439J,GÜÍMAR,115,SANTA CRUZ DE TENERIFE,4015,16.502595457948587,24.385675068629897,0.4056412850999241,4.309835630965005,2.924512938570884,4
C446G,"SAN CRISTÓBAL DE LA LAGUNA,LLANO DE LOS LOROS",868,STA. CRUZ DE TENERIFE,3832,12.289633507853402,20.26452879581152,2.490368421052632,4.150905274206245,4.596905652546361,180
C447A,TENERIFE NORTE AEROPUERTO,632,SANTA CRUZ DE TENERIFE,4018,13.84798800299925,21.091914150237084,1.3695289367429337,5.649135121584357,3.723324203479853,2
C449C,STA.CRUZ DE TENERIFE,36,SANTA CRUZ DE TENERIFE,3992,19.237988966900705,25.442216094259212,0.5247971876690103,3.006192893401015,2.956514895848728,4
C449F,ANAGA,19,STA. CRUZ DE TENERIFE,4017,18.673760640961444,25.000601051840725,0.6640353089533416,2.342227784730914,3.065915357277168,20
C457I,LA VICTORIA DE ACENTEJO,567,STA. CRUZ DE TENERIFE,4004,12.909129778672032,20.667430153536365,1.5267523953605648,2.332587377420166,3.14556423837332,9
C458A,TACORONTE,310,STA. CRUZ DE TENERIFE,3998,15.813916750250751,22.64784353059178,0.9280040475588162,2.9501377410468317,2.7913144047268594,8
C459Z,PUERTO DE LA CRUZ,25,SANTA CRUZ DE TENERIFE,3979,18.431529709228826,24.63087231352718,0.6205600403632694,2.6062468257998987,2.4697795595141754,11
C468X,SAN JUAN DE LA RAMBLA,667,STA. CRUZ DE TENERIFE,2244,12.754879140555058,19.888535602328705,1.511150758251561,2.3730337078651687,3.4703955734758356,4
C611E,VEGA DE SAN MATEO,1702,LAS PALMAS,3973,9.294101123595507,18.421782431052094,1.3836027713625865,2.8713781809019903,6.102528383794152,6
C612F,"TEJEDA, CRUZ DE TEJEDA",1514,LAS PALMAS,3993,10.434439098505951,18.235502658900987,1.9231971153846152,2.3857142857142857,5.94710455845778,6
C614H,TEJEDA,1060,LAS PALMAS,3125,14.849501126488573,23.543450273575797,0.8527472527472526,2.6406019852705733,5.756152125940402,11
C619X,AGAETE,5,LAS PALMAS,3996,19.339204690288046,24.2325006372674,0.2940506329113924,4.862365321974441,2.657551721902967,14
C619Y,LA ALDEA DE SAN NICOLÁS,13,LAS PALMAS,3935,17.1413968901351,25.88720367066021,0.2785769929888341,5.592977303070761,3.0289597673710427,36
C623I,"SAN BARTOLOME TIRAJANA, CUEVAS DEL PINAR",1220,LAS PALMAS,3980,13.884889901290812,21.274689951910904,0.6778482618624715,1.916184243644601,6.0986762696393155,8
C625O,"SAN BARTOLOME TIRAJANA, LOMO PEDRO ALFONSO",806,LAS PALMAS,3957,15.352340966921119,24.090916030534352,0.4064425770308123,2.2561962569549823,5.284666905883604,35
C628B,"LA ALDEA DE SAN NICOLÁS, TASARTE",318,LAS PALMAS,3998,17.07228672387683,26.79687026754165,0.28312278928751894,3.9014257128564283,3.8755562814686173,6
C629Q,"MOGÁN, PUERTO RICO",10,LAS PALMAS,4009,19.47542627883651,23.872617853560683,0.10502386335091686,3.0012980529206192,2.3336116714135504,2
C629X,"MOGÁN, PUERTO",10,LAS PALMAS,4002,18.35250444952962,25.615942028985508,0.1258402796450659,3.0310327581895473,2.592615203150393,5
C635B,"SAN BARTOLOME TIRAJANA, LAS TIRAJANAS",960,LAS PALMAS,4009,14.095534370296036,24.45639739086804,0.6531289268660466,1.643748440229598,5.741065467909238,5
C639M,"MASPALOMAS, C. INSULAR TURISMO",45,LAS PALMAS,3984,18.882464574898787,25.470926113360324,0.16625127161749748,2.7668173825671944,2.9596849948183603,7
C639U,"SAN BARTOLOME TIRAJANA, EL MATORRAL",41,LAS PALMAS,3995,17.94321798433948,25.766153068956807,0.2057974683544304,5.274712068102153,3.1516403116514082,6
C648C,AGÜIMES,306,LAS PALMAS,3983,16.963137852246764,25.363823305407465,0.45722998729351966,5.915949685534591,4.127301398316693,6
C648N,"TELDE, CENTRO FORESTAL DORAMAS",344,LAS PALMAS,3781,15.95819650067295,23.331144010767158,0.633648904517176,3.671420996818664,3.7546644992701617,6
C649I,GRAN CANARIA AEROPUERTO,24,LAS PALMAS,4018,18.757187017001545,24.890443070582176,0.3321928460342146,7.578953953953954,2.8252902071712693,11
C649R,"TELDE, MELENARA",9,LAS PALMAS,4001,18.322227835311946,24.042359181611513,0.3037750190017735,4.194918648310388,2.720780150553441,8
C656V,TEROR,683,LAS PALMAS,3998,12.014185287471754,21.411172483052976,1.5745532343317394,2.1047547547547545,3.77225563211457,11
C658X,"LAS PALMAS DE GRAN CANARIA, TAFIRA",269,LAS PALMAS,4012,16.442857142857143,21.87530181086519,0.6569770375977795,3.0894041386187983,2.8154668770243583,2
C659H,"LAS PALMAS DE GRAN CANARIA, SAN CRISTOBAL",55,LAS PALMAS,3864,18.620747498528548,23.777398469688052,0.3739405106607002,4.039625097630825,2.463426513075354,329
C659M,"LAS PALMAS DE GRAN CANARIA, PL. DE LA FERIA",15,LAS PALMAS,3957,19.542143047061952,23.664956128689177,0.42194179757919137,2.197720364741641,2.403554942248385,68
C665T,VALLESECO,900,LAS PALMAS,4006,12.210266064257027,21.023493975903616,1.7143217347453354,2.618556443556444,4.550235838550327,5
C668V,AGAETE - SUERTE ALTA,352,LAS PALMAS,3349,16.602259136212627,22.989302325581395,0.6468162322665787,4.6487906837862045,3.574196428485009,5
C669B,ARUCAS,86,LAS PALMAS,3997,17.917867071013394,23.237958049027043,0.38815656565656564,2.473435152729094,2.4832409658388586,6
C689E,MASPALOMAS,6,LAS PALMAS,3857,17.888151174668028,24.404032669729453,0.133236074270557,3.2733610822060353,2.499024053948292,1854
C839X,LA GRACIOSA,19,LAS PALMAS,3857,18.084447368421053,24.271789473684212,0.22752100840336134,6.107964309319233,2.595469502563529,45
C916Q,"EL PINAR, DEPÓSITO",948,STA. CRUZ DE TENERIFE,4018,12.099146586345382,20.62088353413655,1.104780876494024,2.183066933066933,5.072598949694303,12
C917E,"EL PINAR, LA DEHESA",713,STA. CRUZ DE TENERIFE,3891,14.301739807842118,21.52546632124352,0.7488448844884488,4.89701376265905,4.557925138054604,86
C919K,TACORON-LAPILLAS-TORTUGA,98,STA. CRUZ DE TENERIFE,3812,18.73472746896924,25.307231516459797,0.22846735024284945,3.269469737546866,2.522875789570587,135
C925F,"SAN ANDRÉS, VALVERDE",1070,STA. CRUZ DE TENERIFE,3609,10.64769359798714,18.546392617449662,1.452078713968958,4.124230662600499,4.659029834231703,409
C928I,VALVERDE,670,STA. CRUZ DE TENERIFE,2022,14.43904007916873,19.315693069306928,0.9333672949566988,5.350395647873393,3.206305538074573,1
C929I,HIERRO AEROPUERTO,32,SANTA CRUZ DE TENERIFE,4018,19.798804185351273,23.75171898355755,0.35531041559774246,6.5463927855711415,2.2796077391560092,2
C939T,"FRONTERA, SABINOSA",20,STA. CRUZ DE TENERIFE,4018,18.982667332667333,23.948751248751247,0.4031123919308358,3.2189324020952856,2.419362887728501,2
